相对路径,大小KB
/assets/favicon.ico,1
/assets/js/jquery.form.min.js,14
/assets/js/jquery.min.js,83
/assets/js/jquery.showselect.js,3
/assets/js/jquery.treegrid.ajax.js,19
/assets/js/modules/config.js,6
/assets/js/modules/content.js,15
/assets/js/modules/editor.js,0
/assets/js/modules/form.js,2
/assets/js/modules/permission.js,6
/assets/js/modules/share.js,16
/assets/js/modules/siterelated.js,1
/assets/js/modules/tools.js,16
/assets/js/modules/user.js,12
/assets/js/plugins.js,24
/assets/js/sea.config.js,4
/assets/js/sea.js,6
/assets/js/utils.js,0
/assets/js/vendors/ajaxsearch/jquery.hideseek.min.js,3
/assets/js/vendors/ajaxsearch/waypoints-sticky.min.js,1
/assets/js/vendors/ajaxsearch/waypoints.min.js,7
/assets/js/vendors/ajaxupload/ajaxupload.3.6.js,14
/assets/js/vendors/ajaxupload/ajaxupload.js,25
/assets/js/vendors/animate/animate.css,79
/assets/js/vendors/animate/animate.min.css,67
/assets/js/vendors/areaSelect/areaSelect.js,2
/assets/js/vendors/artTemplate/artTemplate-plugin.js,0
/assets/js/vendors/artTemplate/artTemplate.js,13
/assets/js/vendors/artdialog/artDialog.js,52
/assets/js/vendors/artdialog/plugins/iframeTools.js,11
/assets/js/vendors/artdialog/skins/aero.css,6
/assets/js/vendors/artdialog/skins/aero/aero_s.png,2
/assets/js/vendors/artdialog/skins/aero/aero_s2.png,0
/assets/js/vendors/artdialog/skins/aero/ie6/aui_close.hover.png,0
/assets/js/vendors/artdialog/skins/aero/ie6/aui_close.png,0
/assets/js/vendors/artdialog/skins/aero/ie6/aui_e.png,1
/assets/js/vendors/artdialog/skins/aero/ie6/aui_n.png,1
/assets/js/vendors/artdialog/skins/aero/ie6/aui_ne.png,0
/assets/js/vendors/artdialog/skins/aero/ie6/aui_nw.png,0
/assets/js/vendors/artdialog/skins/aero/ie6/aui_s.png,0
/assets/js/vendors/artdialog/skins/aero/ie6/aui_se.png,0
/assets/js/vendors/artdialog/skins/aero/ie6/aui_sw.png,0
/assets/js/vendors/artdialog/skins/aero/ie6/aui_title_icon.png,0
/assets/js/vendors/artdialog/skins/aero/ie6/aui_w.png,1
/assets/js/vendors/artdialog/skins/black.css,7
/assets/js/vendors/artdialog/skins/black/bg.png,2
/assets/js/vendors/artdialog/skins/black/bg2.png,0
/assets/js/vendors/artdialog/skins/black/bg_css3.png,2
/assets/js/vendors/artdialog/skins/black/bg_css3_2.png,0
/assets/js/vendors/artdialog/skins/black/ie6/close.hover.png,0
/assets/js/vendors/artdialog/skins/black/ie6/close.png,0
/assets/js/vendors/artdialog/skins/black/ie6/e.png,0
/assets/js/vendors/artdialog/skins/black/ie6/n.png,1
/assets/js/vendors/artdialog/skins/black/ie6/ne.png,0
/assets/js/vendors/artdialog/skins/black/ie6/nw.png,0
/assets/js/vendors/artdialog/skins/black/ie6/s.png,0
/assets/js/vendors/artdialog/skins/black/ie6/se.png,0
/assets/js/vendors/artdialog/skins/black/ie6/sw.png,0
/assets/js/vendors/artdialog/skins/black/ie6/w.png,0
/assets/js/vendors/artdialog/skins/blue.css,7
/assets/js/vendors/artdialog/skins/blue/bg.png,2
/assets/js/vendors/artdialog/skins/blue/bg2.png,0
/assets/js/vendors/artdialog/skins/blue/bg_css3.png,2
/assets/js/vendors/artdialog/skins/blue/bg_css3_2.png,0
/assets/js/vendors/artdialog/skins/blue/ie6/close.hover.png,0
/assets/js/vendors/artdialog/skins/blue/ie6/close.png,0
/assets/js/vendors/artdialog/skins/blue/ie6/e.png,0
/assets/js/vendors/artdialog/skins/blue/ie6/n.png,0
/assets/js/vendors/artdialog/skins/blue/ie6/ne.png,0
/assets/js/vendors/artdialog/skins/blue/ie6/nw.png,0
/assets/js/vendors/artdialog/skins/blue/ie6/s.png,1
/assets/js/vendors/artdialog/skins/blue/ie6/se.png,0
/assets/js/vendors/artdialog/skins/blue/ie6/sw.png,0
/assets/js/vendors/artdialog/skins/blue/ie6/w.png,0
/assets/js/vendors/artdialog/skins/chrome.css,6
/assets/js/vendors/artdialog/skins/chrome/border.png,0
/assets/js/vendors/artdialog/skins/chrome/chrome_s.png,1
/assets/js/vendors/artdialog/skins/default.css,7
/assets/js/vendors/artdialog/skins/green.css,7
/assets/js/vendors/artdialog/skins/green/bg.png,2
/assets/js/vendors/artdialog/skins/green/bg2.png,0
/assets/js/vendors/artdialog/skins/green/bg_css3.png,2
/assets/js/vendors/artdialog/skins/green/bg_css3_2.png,0
/assets/js/vendors/artdialog/skins/green/color_bg.png,2
/assets/js/vendors/artdialog/skins/green/ie6/close.hover.png,1
/assets/js/vendors/artdialog/skins/green/ie6/close.png,0
/assets/js/vendors/artdialog/skins/green/ie6/e.png,0
/assets/js/vendors/artdialog/skins/green/ie6/n.png,0
/assets/js/vendors/artdialog/skins/green/ie6/ne.png,0
/assets/js/vendors/artdialog/skins/green/ie6/nw.png,0
/assets/js/vendors/artdialog/skins/green/ie6/s.png,0
/assets/js/vendors/artdialog/skins/green/ie6/se.png,0
/assets/js/vendors/artdialog/skins/green/ie6/sw.png,0
/assets/js/vendors/artdialog/skins/green/ie6/w.png,0
/assets/js/vendors/artdialog/skins/icons/error.png,2
/assets/js/vendors/artdialog/skins/icons/face-sad.png,6
/assets/js/vendors/artdialog/skins/icons/face-smile.png,6
/assets/js/vendors/artdialog/skins/icons/loading.gif,0
/assets/js/vendors/artdialog/skins/icons/question.png,2
/assets/js/vendors/artdialog/skins/icons/succeed.png,2
/assets/js/vendors/artdialog/skins/icons/warning.png,1
/assets/js/vendors/artdialog/skins/idialog.css,6
/assets/js/vendors/artdialog/skins/idialog/idialog_s.png,3
/assets/js/vendors/artdialog/skins/idialog/idialog_s2.png,0
/assets/js/vendors/artdialog/skins/idialog/ie6/aui_close.hover.png,1
/assets/js/vendors/artdialog/skins/idialog/ie6/aui_close.png,1
/assets/js/vendors/artdialog/skins/idialog/ie6/aui_e.png,0
/assets/js/vendors/artdialog/skins/idialog/ie6/aui_n.png,0
/assets/js/vendors/artdialog/skins/idialog/ie6/aui_ne.png,0
/assets/js/vendors/artdialog/skins/idialog/ie6/aui_nw.png,0
/assets/js/vendors/artdialog/skins/idialog/ie6/aui_s.png,0
/assets/js/vendors/artdialog/skins/idialog/ie6/aui_se.png,0
/assets/js/vendors/artdialog/skins/idialog/ie6/aui_sw.png,0
/assets/js/vendors/artdialog/skins/idialog/ie6/aui_w.png,0
/assets/js/vendors/artdialog/skins/opera.css,6
/assets/js/vendors/artdialog/skins/opera/ie6/aui_close.hover.png,0
/assets/js/vendors/artdialog/skins/opera/ie6/aui_close.png,0
/assets/js/vendors/artdialog/skins/opera/ie6/aui_e.png,0
/assets/js/vendors/artdialog/skins/opera/ie6/aui_n.png,2
/assets/js/vendors/artdialog/skins/opera/ie6/aui_ne.png,0
/assets/js/vendors/artdialog/skins/opera/ie6/aui_nw.png,0
/assets/js/vendors/artdialog/skins/opera/ie6/aui_s.png,0
/assets/js/vendors/artdialog/skins/opera/ie6/aui_se.png,0
/assets/js/vendors/artdialog/skins/opera/ie6/aui_sw.png,0
/assets/js/vendors/artdialog/skins/opera/ie6/aui_w.png,0
/assets/js/vendors/artdialog/skins/opera/s1.png,2
/assets/js/vendors/artdialog/skins/opera/s2.png,0
/assets/js/vendors/artdialog/skins/simple.css,5
/assets/js/vendors/artdialog/skins/twitter.css,5
/assets/js/vendors/autovalidate/style.css,0
/assets/js/vendors/avatar/crossdomain.xml,0
/assets/js/vendors/avatar/expressInstall.swf,0
/assets/js/vendors/avatar/fullAvatarEditor.swf,48
/assets/js/vendors/avatar/scripts/fullAvatarEditor.js,2
/assets/js/vendors/avatar/scripts/swfobject.js,9
/assets/js/vendors/baguette/baguetteBox.min.css,3
/assets/js/vendors/baguette/baguetteBox.min.js,11
/assets/js/vendors/bootstrap-datetimepicker/css/bootstrap-datetimepicker.css,12
/assets/js/vendors/bootstrap-datetimepicker/css/bootstrap-datetimepicker.min.css,12
/assets/js/vendors/bootstrap-datetimepicker/js/bootstrap-datetimepicker.js,68
/assets/js/vendors/bootstrap-datetimepicker/js/bootstrap-datetimepicker.min.js,37
/assets/js/vendors/bootstrap-datetimepicker/js/locales/bootstrap-datetimepicker.ar.js,0
/assets/js/vendors/bootstrap-datetimepicker/js/locales/bootstrap-datetimepicker.az.js,0
/assets/js/vendors/bootstrap-datetimepicker/js/locales/bootstrap-datetimepicker.bg.js,0
/assets/js/vendors/bootstrap-datetimepicker/js/locales/bootstrap-datetimepicker.bn.js,1
/assets/js/vendors/bootstrap-datetimepicker/js/locales/bootstrap-datetimepicker.ca.js,0
/assets/js/vendors/bootstrap-datetimepicker/js/locales/bootstrap-datetimepicker.cs.js,0
/assets/js/vendors/bootstrap-datetimepicker/js/locales/bootstrap-datetimepicker.da.js,0
/assets/js/vendors/bootstrap-datetimepicker/js/locales/bootstrap-datetimepicker.de.js,0
/assets/js/vendors/bootstrap-datetimepicker/js/locales/bootstrap-datetimepicker.ee.js,0
/assets/js/vendors/bootstrap-datetimepicker/js/locales/bootstrap-datetimepicker.el.js,0
/assets/js/vendors/bootstrap-datetimepicker/js/locales/bootstrap-datetimepicker.es.js,0
/assets/js/vendors/bootstrap-datetimepicker/js/locales/bootstrap-datetimepicker.fi.js,0
/assets/js/vendors/bootstrap-datetimepicker/js/locales/bootstrap-datetimepicker.fr.js,0
/assets/js/vendors/bootstrap-datetimepicker/js/locales/bootstrap-datetimepicker.he.js,0
/assets/js/vendors/bootstrap-datetimepicker/js/locales/bootstrap-datetimepicker.hr.js,0
/assets/js/vendors/bootstrap-datetimepicker/js/locales/bootstrap-datetimepicker.hu.js,0
/assets/js/vendors/bootstrap-datetimepicker/js/locales/bootstrap-datetimepicker.hy.js,0
/assets/js/vendors/bootstrap-datetimepicker/js/locales/bootstrap-datetimepicker.id.js,0
/assets/js/vendors/bootstrap-datetimepicker/js/locales/bootstrap-datetimepicker.is.js,0
/assets/js/vendors/bootstrap-datetimepicker/js/locales/bootstrap-datetimepicker.it.js,0
/assets/js/vendors/bootstrap-datetimepicker/js/locales/bootstrap-datetimepicker.ja.js,0
/assets/js/vendors/bootstrap-datetimepicker/js/locales/bootstrap-datetimepicker.ka.js,1
/assets/js/vendors/bootstrap-datetimepicker/js/locales/bootstrap-datetimepicker.ko.js,0
/assets/js/vendors/bootstrap-datetimepicker/js/locales/bootstrap-datetimepicker.lt.js,0
/assets/js/vendors/bootstrap-datetimepicker/js/locales/bootstrap-datetimepicker.lv.js,0
/assets/js/vendors/bootstrap-datetimepicker/js/locales/bootstrap-datetimepicker.ms.js,0
/assets/js/vendors/bootstrap-datetimepicker/js/locales/bootstrap-datetimepicker.nb.js,0
/assets/js/vendors/bootstrap-datetimepicker/js/locales/bootstrap-datetimepicker.nl.js,0
/assets/js/vendors/bootstrap-datetimepicker/js/locales/bootstrap-datetimepicker.no.js,0
/assets/js/vendors/bootstrap-datetimepicker/js/locales/bootstrap-datetimepicker.pl.js,0
/assets/js/vendors/bootstrap-datetimepicker/js/locales/bootstrap-datetimepicker.pt-BR.js,0
/assets/js/vendors/bootstrap-datetimepicker/js/locales/bootstrap-datetimepicker.pt.js,0
/assets/js/vendors/bootstrap-datetimepicker/js/locales/bootstrap-datetimepicker.ro.js,0
/assets/js/vendors/bootstrap-datetimepicker/js/locales/bootstrap-datetimepicker.rs-latin.js,0
/assets/js/vendors/bootstrap-datetimepicker/js/locales/bootstrap-datetimepicker.rs.js,0
/assets/js/vendors/bootstrap-datetimepicker/js/locales/bootstrap-datetimepicker.ru.js,0
/assets/js/vendors/bootstrap-datetimepicker/js/locales/bootstrap-datetimepicker.sk.js,0
/assets/js/vendors/bootstrap-datetimepicker/js/locales/bootstrap-datetimepicker.sl.js,0
/assets/js/vendors/bootstrap-datetimepicker/js/locales/bootstrap-datetimepicker.sv.js,0
/assets/js/vendors/bootstrap-datetimepicker/js/locales/bootstrap-datetimepicker.sw.js,0
/assets/js/vendors/bootstrap-datetimepicker/js/locales/bootstrap-datetimepicker.th.js,1
/assets/js/vendors/bootstrap-datetimepicker/js/locales/bootstrap-datetimepicker.tr.js,0
/assets/js/vendors/bootstrap-datetimepicker/js/locales/bootstrap-datetimepicker.ua.js,0
/assets/js/vendors/bootstrap-datetimepicker/js/locales/bootstrap-datetimepicker.uk.js,0
/assets/js/vendors/bootstrap-datetimepicker/js/locales/bootstrap-datetimepicker.zh-CN.js,0
/assets/js/vendors/bootstrap-datetimepicker/js/locales/bootstrap-datetimepicker.zh-TW.js,0
/assets/js/vendors/bootstrap-switch/css/bootstrap-switch.css,7
/assets/js/vendors/bootstrap-switch/css/bootstrap-switch.min.css,6
/assets/js/vendors/bootstrap-switch/js/bootstrap-switch.js,25
/assets/js/vendors/bootstrap-switch/js/bootstrap-switch.min.js,14
/assets/js/vendors/bootstrap-table/bootstrap-table.css,7
/assets/js/vendors/bootstrap-table/bootstrap-table.js,110
/assets/js/vendors/bootstrap-table/bootstrap-treeview.css,1
/assets/js/vendors/bootstrap-table/bootstrap-treeview.js,34
/assets/js/vendors/bootstrap-table/bootstrap-treeview.min.css,0
/assets/js/vendors/bootstrap-table/bootstrap-treeview.min.js,16
/assets/js/vendors/bootstrap-table/bootstraptable-treeview.js,24
/assets/js/vendors/bootstrap-table/default.css,4
/assets/js/vendors/bootstrap-table/normalize.css,1
/assets/js/vendors/bootstrap/css/bootstrap-theme.css,26
/assets/js/vendors/bootstrap/css/bootstrap-theme.css.map,46
/assets/js/vendors/bootstrap/css/bootstrap-theme.min.css,22
/assets/js/vendors/bootstrap/css/bootstrap-theme.min.css.map,25
/assets/js/vendors/bootstrap/css/bootstrap.css,149
/assets/js/vendors/bootstrap/css/bootstrap.css.map,380
/assets/js/vendors/bootstrap/css/bootstrap.min.css.map,529
/assets/js/vendors/bootstrap/fonts/glyphicons-halflings-regular.eot,19
/assets/js/vendors/bootstrap/fonts/glyphicons-halflings-regular.svg,106
/assets/js/vendors/bootstrap/fonts/glyphicons-halflings-regular.ttf,44
/assets/js/vendors/bootstrap/fonts/glyphicons-halflings-regular.woff,22
/assets/js/vendors/bootstrap/fonts/glyphicons-halflings-regular.woff2,17
/assets/js/vendors/bootstrap/js/bootstrap-hover-dropdown.min.js,1
/assets/js/vendors/bootstrap/js/bootstrap.js,70
/assets/js/vendors/bootstrap/js/npm.js,0
/assets/js/vendors/bootstrapValidator/bootstrapValidator.js,256
/assets/js/vendors/ckeditor/CHANGES.md,200
/assets/js/vendors/ckeditor/LICENSE.md,74
/assets/js/vendors/ckeditor/README.md,1
/assets/js/vendors/ckeditor/adapters/jquery.js,3
/assets/js/vendors/ckeditor/build-config.js,3
/assets/js/vendors/ckeditor/ckeditor.js,681
/assets/js/vendors/ckeditor/config.js,1
/assets/js/vendors/ckeditor/contents.css,3
/assets/js/vendors/ckeditor/lang/af.js,19
/assets/js/vendors/ckeditor/lang/ar.js,24
/assets/js/vendors/ckeditor/lang/az.js,21
/assets/js/vendors/ckeditor/lang/bg.js,28
/assets/js/vendors/ckeditor/lang/bn.js,25
/assets/js/vendors/ckeditor/lang/bs.js,19
/assets/js/vendors/ckeditor/lang/ca.js,21
/assets/js/vendors/ckeditor/lang/cs.js,21
/assets/js/vendors/ckeditor/lang/cy.js,20
/assets/js/vendors/ckeditor/lang/da.js,20
/assets/js/vendors/ckeditor/lang/de-ch.js,21
/assets/js/vendors/ckeditor/lang/de.js,21
/assets/js/vendors/ckeditor/lang/el.js,29
/assets/js/vendors/ckeditor/lang/en-au.js,19
/assets/js/vendors/ckeditor/lang/en-ca.js,19
/assets/js/vendors/ckeditor/lang/en-gb.js,19
/assets/js/vendors/ckeditor/lang/en.js,19
/assets/js/vendors/ckeditor/lang/eo.js,20
/assets/js/vendors/ckeditor/lang/es-mx.js,21
/assets/js/vendors/ckeditor/lang/es.js,21
/assets/js/vendors/ckeditor/lang/et.js,20
/assets/js/vendors/ckeditor/lang/eu.js,21
/assets/js/vendors/ckeditor/lang/fa.js,25
/assets/js/vendors/ckeditor/lang/fi.js,20
/assets/js/vendors/ckeditor/lang/fo.js,20
/assets/js/vendors/ckeditor/lang/fr-ca.js,21
/assets/js/vendors/ckeditor/lang/fr.js,22
/assets/js/vendors/ckeditor/lang/gl.js,21
/assets/js/vendors/ckeditor/lang/gu.js,31
/assets/js/vendors/ckeditor/lang/he.js,24
/assets/js/vendors/ckeditor/lang/hi.js,26
/assets/js/vendors/ckeditor/lang/hr.js,20
/assets/js/vendors/ckeditor/lang/hu.js,21
/assets/js/vendors/ckeditor/lang/id.js,19
/assets/js/vendors/ckeditor/lang/is.js,20
/assets/js/vendors/ckeditor/lang/it.js,21
/assets/js/vendors/ckeditor/lang/ja.js,23
/assets/js/vendors/ckeditor/lang/ka.js,34
/assets/js/vendors/ckeditor/lang/km.js,35
/assets/js/vendors/ckeditor/lang/ko.js,21
/assets/js/vendors/ckeditor/lang/ku.js,28
/assets/js/vendors/ckeditor/lang/lt.js,21
/assets/js/vendors/ckeditor/lang/lv.js,21
/assets/js/vendors/ckeditor/lang/mk.js,21
/assets/js/vendors/ckeditor/lang/mn.js,24
/assets/js/vendors/ckeditor/lang/ms.js,19
/assets/js/vendors/ckeditor/lang/nb.js,19
/assets/js/vendors/ckeditor/lang/nl.js,20
/assets/js/vendors/ckeditor/lang/no.js,19
/assets/js/vendors/ckeditor/lang/oc.js,21
/assets/js/vendors/ckeditor/lang/pl.js,21
/assets/js/vendors/ckeditor/lang/pt-br.js,21
/assets/js/vendors/ckeditor/lang/pt.js,21
/assets/js/vendors/ckeditor/lang/ro.js,22
/assets/js/vendors/ckeditor/lang/ru.js,30
/assets/js/vendors/ckeditor/lang/si.js,26
/assets/js/vendors/ckeditor/lang/sk.js,21
/assets/js/vendors/ckeditor/lang/sl.js,20
/assets/js/vendors/ckeditor/lang/sq.js,22
/assets/js/vendors/ckeditor/lang/sr-latn.js,19
/assets/js/vendors/ckeditor/lang/sr.js,23
/assets/js/vendors/ckeditor/lang/sv.js,20
/assets/js/vendors/ckeditor/lang/th.js,30
/assets/js/vendors/ckeditor/lang/tr.js,21
/assets/js/vendors/ckeditor/lang/tt.js,25
/assets/js/vendors/ckeditor/lang/ug.js,28
/assets/js/vendors/ckeditor/lang/uk.js,29
/assets/js/vendors/ckeditor/lang/vi.js,23
/assets/js/vendors/ckeditor/lang/zh-cn.js,19
/assets/js/vendors/ckeditor/lang/zh.js,19
/assets/js/vendors/ckeditor/plugins/a11yhelp/dialogs/a11yhelp.js,2
/assets/js/vendors/ckeditor/plugins/a11yhelp/dialogs/lang/_translationstatus.txt,0
/assets/js/vendors/ckeditor/plugins/a11yhelp/dialogs/lang/af.js,3
/assets/js/vendors/ckeditor/plugins/a11yhelp/dialogs/lang/ar.js,3
/assets/js/vendors/ckeditor/plugins/a11yhelp/dialogs/lang/az.js,4
/assets/js/vendors/ckeditor/plugins/a11yhelp/dialogs/lang/bg.js,4
/assets/js/vendors/ckeditor/plugins/a11yhelp/dialogs/lang/ca.js,4
/assets/js/vendors/ckeditor/plugins/a11yhelp/dialogs/lang/cs.js,4
/assets/js/vendors/ckeditor/plugins/a11yhelp/dialogs/lang/cy.js,4
/assets/js/vendors/ckeditor/plugins/a11yhelp/dialogs/lang/da.js,4
/assets/js/vendors/ckeditor/plugins/a11yhelp/dialogs/lang/de-ch.js,4
/assets/js/vendors/ckeditor/plugins/a11yhelp/dialogs/lang/de.js,4
/assets/js/vendors/ckeditor/plugins/a11yhelp/dialogs/lang/el.js,7
/assets/js/vendors/ckeditor/plugins/a11yhelp/dialogs/lang/en-au.js,3
/assets/js/vendors/ckeditor/plugins/a11yhelp/dialogs/lang/en-gb.js,3
/assets/js/vendors/ckeditor/plugins/a11yhelp/dialogs/lang/en.js,3
/assets/js/vendors/ckeditor/plugins/a11yhelp/dialogs/lang/eo.js,4
/assets/js/vendors/ckeditor/plugins/a11yhelp/dialogs/lang/es-mx.js,4
/assets/js/vendors/ckeditor/plugins/a11yhelp/dialogs/lang/es.js,4
/assets/js/vendors/ckeditor/plugins/a11yhelp/dialogs/lang/et.js,3
/assets/js/vendors/ckeditor/plugins/a11yhelp/dialogs/lang/eu.js,4
/assets/js/vendors/ckeditor/plugins/a11yhelp/dialogs/lang/fa.js,5
/assets/js/vendors/ckeditor/plugins/a11yhelp/dialogs/lang/fi.js,4
/assets/js/vendors/ckeditor/plugins/a11yhelp/dialogs/lang/fo.js,3
/assets/js/vendors/ckeditor/plugins/a11yhelp/dialogs/lang/fr-ca.js,4
/assets/js/vendors/ckeditor/plugins/a11yhelp/dialogs/lang/fr.js,5
/assets/js/vendors/ckeditor/plugins/a11yhelp/dialogs/lang/gl.js,4
/assets/js/vendors/ckeditor/plugins/a11yhelp/dialogs/lang/gu.js,4
/assets/js/vendors/ckeditor/plugins/a11yhelp/dialogs/lang/he.js,4
/assets/js/vendors/ckeditor/plugins/a11yhelp/dialogs/lang/hi.js,3
/assets/js/vendors/ckeditor/plugins/a11yhelp/dialogs/lang/hr.js,4
/assets/js/vendors/ckeditor/plugins/a11yhelp/dialogs/lang/hu.js,4
/assets/js/vendors/ckeditor/plugins/a11yhelp/dialogs/lang/id.js,3
/assets/js/vendors/ckeditor/plugins/a11yhelp/dialogs/lang/it.js,4
/assets/js/vendors/ckeditor/plugins/a11yhelp/dialogs/lang/ja.js,4
/assets/js/vendors/ckeditor/plugins/a11yhelp/dialogs/lang/km.js,4
/assets/js/vendors/ckeditor/plugins/a11yhelp/dialogs/lang/ko.js,5
/assets/js/vendors/ckeditor/plugins/a11yhelp/dialogs/lang/ku.js,5
/assets/js/vendors/ckeditor/plugins/a11yhelp/dialogs/lang/lt.js,3
/assets/js/vendors/ckeditor/plugins/a11yhelp/dialogs/lang/lv.js,4
/assets/js/vendors/ckeditor/plugins/a11yhelp/dialogs/lang/mk.js,4
/assets/js/vendors/ckeditor/plugins/a11yhelp/dialogs/lang/mn.js,3
/assets/js/vendors/ckeditor/plugins/a11yhelp/dialogs/lang/nb.js,4
/assets/js/vendors/ckeditor/plugins/a11yhelp/dialogs/lang/nl.js,4
/assets/js/vendors/ckeditor/plugins/a11yhelp/dialogs/lang/no.js,4
/assets/js/vendors/ckeditor/plugins/a11yhelp/dialogs/lang/oc.js,4
/assets/js/vendors/ckeditor/plugins/a11yhelp/dialogs/lang/pl.js,5
/assets/js/vendors/ckeditor/plugins/a11yhelp/dialogs/lang/pt-br.js,4
/assets/js/vendors/ckeditor/plugins/a11yhelp/dialogs/lang/pt.js,4
/assets/js/vendors/ckeditor/plugins/a11yhelp/dialogs/lang/ro.js,4
/assets/js/vendors/ckeditor/plugins/a11yhelp/dialogs/lang/ru.js,6
/assets/js/vendors/ckeditor/plugins/a11yhelp/dialogs/lang/si.js,5
/assets/js/vendors/ckeditor/plugins/a11yhelp/dialogs/lang/sk.js,4
/assets/js/vendors/ckeditor/plugins/a11yhelp/dialogs/lang/sl.js,4
/assets/js/vendors/ckeditor/plugins/a11yhelp/dialogs/lang/sq.js,4
/assets/js/vendors/ckeditor/plugins/a11yhelp/dialogs/lang/sr-latn.js,3
/assets/js/vendors/ckeditor/plugins/a11yhelp/dialogs/lang/sr.js,3
/assets/js/vendors/ckeditor/plugins/a11yhelp/dialogs/lang/sv.js,4
/assets/js/vendors/ckeditor/plugins/a11yhelp/dialogs/lang/th.js,4
/assets/js/vendors/ckeditor/plugins/a11yhelp/dialogs/lang/tr.js,4
/assets/js/vendors/ckeditor/plugins/a11yhelp/dialogs/lang/tt.js,4
/assets/js/vendors/ckeditor/plugins/a11yhelp/dialogs/lang/ug.js,6
/assets/js/vendors/ckeditor/plugins/a11yhelp/dialogs/lang/uk.js,6
/assets/js/vendors/ckeditor/plugins/a11yhelp/dialogs/lang/vi.js,5
/assets/js/vendors/ckeditor/plugins/a11yhelp/dialogs/lang/zh-cn.js,4
/assets/js/vendors/ckeditor/plugins/a11yhelp/dialogs/lang/zh.js,4
/assets/js/vendors/ckeditor/plugins/about/dialogs/about.js,1
/assets/js/vendors/ckeditor/plugins/about/dialogs/hidpi/logo_ckeditor.png,11
/assets/js/vendors/ckeditor/plugins/about/dialogs/logo_ckeditor.png,5
/assets/js/vendors/ckeditor/plugins/clipboard/dialogs/paste.js,3
/assets/js/vendors/ckeditor/plugins/codesnippet/dialogs/codesnippet.js,2
/assets/js/vendors/ckeditor/plugins/codesnippet/icons/codesnippet.png,0
/assets/js/vendors/ckeditor/plugins/codesnippet/icons/hidpi/codesnippet.png,1
/assets/js/vendors/ckeditor/plugins/codesnippet/lang/ar.js,0
/assets/js/vendors/ckeditor/plugins/codesnippet/lang/az.js,0
/assets/js/vendors/ckeditor/plugins/codesnippet/lang/bg.js,0
/assets/js/vendors/ckeditor/plugins/codesnippet/lang/ca.js,0
/assets/js/vendors/ckeditor/plugins/codesnippet/lang/cs.js,0
/assets/js/vendors/ckeditor/plugins/codesnippet/lang/da.js,0
/assets/js/vendors/ckeditor/plugins/codesnippet/lang/de-ch.js,0
/assets/js/vendors/ckeditor/plugins/codesnippet/lang/de.js,0
/assets/js/vendors/ckeditor/plugins/codesnippet/lang/el.js,0
/assets/js/vendors/ckeditor/plugins/codesnippet/lang/en-au.js,0
/assets/js/vendors/ckeditor/plugins/codesnippet/lang/en-gb.js,0
/assets/js/vendors/ckeditor/plugins/codesnippet/lang/en.js,0
/assets/js/vendors/ckeditor/plugins/codesnippet/lang/eo.js,0
/assets/js/vendors/ckeditor/plugins/codesnippet/lang/es-mx.js,0
/assets/js/vendors/ckeditor/plugins/codesnippet/lang/es.js,0
/assets/js/vendors/ckeditor/plugins/codesnippet/lang/et.js,0
/assets/js/vendors/ckeditor/plugins/codesnippet/lang/eu.js,0
/assets/js/vendors/ckeditor/plugins/codesnippet/lang/fa.js,0
/assets/js/vendors/ckeditor/plugins/codesnippet/lang/fi.js,0
/assets/js/vendors/ckeditor/plugins/codesnippet/lang/fr-ca.js,0
/assets/js/vendors/ckeditor/plugins/codesnippet/lang/fr.js,0
/assets/js/vendors/ckeditor/plugins/codesnippet/lang/gl.js,0
/assets/js/vendors/ckeditor/plugins/codesnippet/lang/he.js,0
/assets/js/vendors/ckeditor/plugins/codesnippet/lang/hr.js,0
/assets/js/vendors/ckeditor/plugins/codesnippet/lang/hu.js,0
/assets/js/vendors/ckeditor/plugins/codesnippet/lang/id.js,0
/assets/js/vendors/ckeditor/plugins/codesnippet/lang/it.js,0
/assets/js/vendors/ckeditor/plugins/codesnippet/lang/ja.js,0
/assets/js/vendors/ckeditor/plugins/codesnippet/lang/km.js,0
/assets/js/vendors/ckeditor/plugins/codesnippet/lang/ko.js,0
/assets/js/vendors/ckeditor/plugins/codesnippet/lang/ku.js,0
/assets/js/vendors/ckeditor/plugins/codesnippet/lang/lt.js,0
/assets/js/vendors/ckeditor/plugins/codesnippet/lang/lv.js,0
/assets/js/vendors/ckeditor/plugins/codesnippet/lang/nb.js,0
/assets/js/vendors/ckeditor/plugins/codesnippet/lang/nl.js,0
/assets/js/vendors/ckeditor/plugins/codesnippet/lang/no.js,0
/assets/js/vendors/ckeditor/plugins/codesnippet/lang/oc.js,0
/assets/js/vendors/ckeditor/plugins/codesnippet/lang/pl.js,0
/assets/js/vendors/ckeditor/plugins/codesnippet/lang/pt-br.js,0
/assets/js/vendors/ckeditor/plugins/codesnippet/lang/pt.js,0
/assets/js/vendors/ckeditor/plugins/codesnippet/lang/ro.js,0
/assets/js/vendors/ckeditor/plugins/codesnippet/lang/ru.js,0
/assets/js/vendors/ckeditor/plugins/codesnippet/lang/sk.js,0
/assets/js/vendors/ckeditor/plugins/codesnippet/lang/sl.js,0
/assets/js/vendors/ckeditor/plugins/codesnippet/lang/sq.js,0
/assets/js/vendors/ckeditor/plugins/codesnippet/lang/sv.js,0
/assets/js/vendors/ckeditor/plugins/codesnippet/lang/th.js,0
/assets/js/vendors/ckeditor/plugins/codesnippet/lang/tr.js,0
/assets/js/vendors/ckeditor/plugins/codesnippet/lang/tt.js,0
/assets/js/vendors/ckeditor/plugins/codesnippet/lang/ug.js,0
/assets/js/vendors/ckeditor/plugins/codesnippet/lang/uk.js,0
/assets/js/vendors/ckeditor/plugins/codesnippet/lang/vi.js,0
/assets/js/vendors/ckeditor/plugins/codesnippet/lang/zh-cn.js,0
/assets/js/vendors/ckeditor/plugins/codesnippet/lang/zh.js,0
/assets/js/vendors/ckeditor/plugins/codesnippet/lib/highlight/CHANGES.md,29
/assets/js/vendors/ckeditor/plugins/codesnippet/lib/highlight/LICENSE,1
/assets/js/vendors/ckeditor/plugins/codesnippet/lib/highlight/README.md,4
/assets/js/vendors/ckeditor/plugins/codesnippet/lib/highlight/README.ru.md,7
/assets/js/vendors/ckeditor/plugins/codesnippet/lib/highlight/highlight.pack.js,29
/assets/js/vendors/ckeditor/plugins/codesnippet/lib/highlight/styles/arta.css,2
/assets/js/vendors/ckeditor/plugins/codesnippet/lib/highlight/styles/ascetic.css,0
/assets/js/vendors/ckeditor/plugins/codesnippet/lib/highlight/styles/atelier-dune.dark.css,1
/assets/js/vendors/ckeditor/plugins/codesnippet/lib/highlight/styles/atelier-dune.light.css,1
/assets/js/vendors/ckeditor/plugins/codesnippet/lib/highlight/styles/atelier-forest.dark.css,1
/assets/js/vendors/ckeditor/plugins/codesnippet/lib/highlight/styles/atelier-forest.light.css,1
/assets/js/vendors/ckeditor/plugins/codesnippet/lib/highlight/styles/atelier-heath.dark.css,1
/assets/js/vendors/ckeditor/plugins/codesnippet/lib/highlight/styles/atelier-heath.light.css,1
/assets/js/vendors/ckeditor/plugins/codesnippet/lib/highlight/styles/atelier-lakeside.dark.css,1
/assets/js/vendors/ckeditor/plugins/codesnippet/lib/highlight/styles/atelier-lakeside.light.css,1
/assets/js/vendors/ckeditor/plugins/codesnippet/lib/highlight/styles/atelier-seaside.dark.css,1
/assets/js/vendors/ckeditor/plugins/codesnippet/lib/highlight/styles/atelier-seaside.light.css,1
/assets/js/vendors/ckeditor/plugins/codesnippet/lib/highlight/styles/brown_paper.css,1
/assets/js/vendors/ckeditor/plugins/codesnippet/lib/highlight/styles/brown_papersq.png,17
/assets/js/vendors/ckeditor/plugins/codesnippet/lib/highlight/styles/dark.css,1
/assets/js/vendors/ckeditor/plugins/codesnippet/lib/highlight/styles/default.css,2
/assets/js/vendors/ckeditor/plugins/codesnippet/lib/highlight/styles/docco.css,1
/assets/js/vendors/ckeditor/plugins/codesnippet/lib/highlight/styles/far.css,1
/assets/js/vendors/ckeditor/plugins/codesnippet/lib/highlight/styles/foundation.css,1
/assets/js/vendors/ckeditor/plugins/codesnippet/lib/highlight/styles/github.css,1
/assets/js/vendors/ckeditor/plugins/codesnippet/lib/highlight/styles/googlecode.css,2
/assets/js/vendors/ckeditor/plugins/codesnippet/lib/highlight/styles/idea.css,1
/assets/js/vendors/ckeditor/plugins/codesnippet/lib/highlight/styles/ir_black.css,1
/assets/js/vendors/ckeditor/plugins/codesnippet/lib/highlight/styles/magula.css,2
/assets/js/vendors/ckeditor/plugins/codesnippet/lib/highlight/styles/mono-blue.css,0
/assets/js/vendors/ckeditor/plugins/codesnippet/lib/highlight/styles/monokai.css,2
/assets/js/vendors/ckeditor/plugins/codesnippet/lib/highlight/styles/monokai_sublime.css,2
/assets/js/vendors/ckeditor/plugins/codesnippet/lib/highlight/styles/obsidian.css,2
/assets/js/vendors/ckeditor/plugins/codesnippet/lib/highlight/styles/paraiso.dark.css,1
/assets/js/vendors/ckeditor/plugins/codesnippet/lib/highlight/styles/paraiso.light.css,1
/assets/js/vendors/ckeditor/plugins/codesnippet/lib/highlight/styles/pojoaque.css,1
/assets/js/vendors/ckeditor/plugins/codesnippet/lib/highlight/styles/pojoaque.jpg,1
/assets/js/vendors/ckeditor/plugins/codesnippet/lib/highlight/styles/railscasts.css,2
/assets/js/vendors/ckeditor/plugins/codesnippet/lib/highlight/styles/rainbow.css,1
/assets/js/vendors/ckeditor/plugins/codesnippet/lib/highlight/styles/school_book.css,2
/assets/js/vendors/ckeditor/plugins/codesnippet/lib/highlight/styles/school_book.png,0
/assets/js/vendors/ckeditor/plugins/codesnippet/lib/highlight/styles/solarized_dark.css,1
/assets/js/vendors/ckeditor/plugins/codesnippet/lib/highlight/styles/solarized_light.css,1
/assets/js/vendors/ckeditor/plugins/codesnippet/lib/highlight/styles/sunburst.css,2
/assets/js/vendors/ckeditor/plugins/codesnippet/lib/highlight/styles/tomorrow-night-blue.css,1
/assets/js/vendors/ckeditor/plugins/codesnippet/lib/highlight/styles/tomorrow-night-bright.css,1
/assets/js/vendors/ckeditor/plugins/codesnippet/lib/highlight/styles/tomorrow-night-eighties.css,1
/assets/js/vendors/ckeditor/plugins/codesnippet/lib/highlight/styles/tomorrow-night.css,1
/assets/js/vendors/ckeditor/plugins/codesnippet/lib/highlight/styles/tomorrow.css,1
/assets/js/vendors/ckeditor/plugins/codesnippet/lib/highlight/styles/vs.css,1
/assets/js/vendors/ckeditor/plugins/codesnippet/lib/highlight/styles/xcode.css,2
/assets/js/vendors/ckeditor/plugins/codesnippet/lib/highlight/styles/zenburn.css,1
/assets/js/vendors/ckeditor/plugins/codesnippet/plugin.js,15
/assets/js/vendors/ckeditor/plugins/codesnippet/samples/codesnippet.html,8
/assets/js/vendors/ckeditor/plugins/colordialog/dialogs/colordialog.css,0
/assets/js/vendors/ckeditor/plugins/colordialog/dialogs/colordialog.js,4
/assets/js/vendors/ckeditor/plugins/copyformatting/cursors/cursor-disabled.svg,3
/assets/js/vendors/ckeditor/plugins/copyformatting/cursors/cursor.svg,2
/assets/js/vendors/ckeditor/plugins/copyformatting/styles/copyformatting.css,1
/assets/js/vendors/ckeditor/plugins/dialog/dialogDefinition.js,0
/assets/js/vendors/ckeditor/plugins/div/dialogs/div.js,4
/assets/js/vendors/ckeditor/plugins/find/dialogs/find.js,10
/assets/js/vendors/ckeditor/plugins/flash/dialogs/flash.js,9
/assets/js/vendors/ckeditor/plugins/flash/images/placeholder.png,0
/assets/js/vendors/ckeditor/plugins/forms/dialogs/button.js,1
/assets/js/vendors/ckeditor/plugins/forms/dialogs/checkbox.js,2
/assets/js/vendors/ckeditor/plugins/forms/dialogs/form.js,2
/assets/js/vendors/ckeditor/plugins/forms/dialogs/hiddenfield.js,1
/assets/js/vendors/ckeditor/plugins/forms/dialogs/radio.js,2
/assets/js/vendors/ckeditor/plugins/forms/dialogs/select.js,8
/assets/js/vendors/ckeditor/plugins/forms/dialogs/textarea.js,2
/assets/js/vendors/ckeditor/plugins/forms/dialogs/textfield.js,3
/assets/js/vendors/ckeditor/plugins/forms/images/hiddenfield.gif,0
/assets/js/vendors/ckeditor/plugins/icons.png,12
/assets/js/vendors/ckeditor/plugins/icons_hidpi.png,39
/assets/js/vendors/ckeditor/plugins/iframe/dialogs/iframe.js,3
/assets/js/vendors/ckeditor/plugins/iframe/images/placeholder.png,0
/assets/js/vendors/ckeditor/plugins/image/dialogs/image.js,19
/assets/js/vendors/ckeditor/plugins/image/images/noimage.png,1
/assets/js/vendors/ckeditor/plugins/lineutils/dev/dnd.html,7
/assets/js/vendors/ckeditor/plugins/lineutils/dev/magicfinger.html,9
/assets/js/vendors/ckeditor/plugins/lineutils/plugin.js,29
/assets/js/vendors/ckeditor/plugins/link/dialogs/anchor.js,1
/assets/js/vendors/ckeditor/plugins/link/dialogs/link.js,12
/assets/js/vendors/ckeditor/plugins/link/images/anchor.png,0
/assets/js/vendors/ckeditor/plugins/link/images/hidpi/anchor.png,1
/assets/js/vendors/ckeditor/plugins/liststyle/dialogs/liststyle.js,2
/assets/js/vendors/ckeditor/plugins/magicline/images/hidpi/icon-rtl.png,0
/assets/js/vendors/ckeditor/plugins/magicline/images/hidpi/icon.png,0
/assets/js/vendors/ckeditor/plugins/magicline/images/icon-rtl.png,0
/assets/js/vendors/ckeditor/plugins/magicline/images/icon.png,0
/assets/js/vendors/ckeditor/plugins/pagebreak/images/pagebreak.gif,0
/assets/js/vendors/ckeditor/plugins/pastefromword/filter/default.js,25
/assets/js/vendors/ckeditor/plugins/preview/preview.html,0
/assets/js/vendors/ckeditor/plugins/scayt/CHANGELOG.md,1
/assets/js/vendors/ckeditor/plugins/scayt/LICENSE.md,1
/assets/js/vendors/ckeditor/plugins/scayt/README.md,0
/assets/js/vendors/ckeditor/plugins/scayt/dialogs/dialog.css,0
/assets/js/vendors/ckeditor/plugins/scayt/dialogs/options.js,15
/assets/js/vendors/ckeditor/plugins/scayt/dialogs/toolbar.css,1
/assets/js/vendors/ckeditor/plugins/scayt/skins/moono-lisa/scayt.css,0
/assets/js/vendors/ckeditor/plugins/showblocks/images/block_address.png,0
/assets/js/vendors/ckeditor/plugins/showblocks/images/block_blockquote.png,0
/assets/js/vendors/ckeditor/plugins/showblocks/images/block_div.png,0
/assets/js/vendors/ckeditor/plugins/showblocks/images/block_h1.png,0
/assets/js/vendors/ckeditor/plugins/showblocks/images/block_h2.png,0
/assets/js/vendors/ckeditor/plugins/showblocks/images/block_h3.png,0
/assets/js/vendors/ckeditor/plugins/showblocks/images/block_h4.png,0
/assets/js/vendors/ckeditor/plugins/showblocks/images/block_h5.png,0
/assets/js/vendors/ckeditor/plugins/showblocks/images/block_h6.png,0
/assets/js/vendors/ckeditor/plugins/showblocks/images/block_p.png,0
/assets/js/vendors/ckeditor/plugins/showblocks/images/block_pre.png,0
/assets/js/vendors/ckeditor/plugins/smiley/dialogs/smiley.js,3
/assets/js/vendors/ckeditor/plugins/smiley/images/angel_smile.gif,1
/assets/js/vendors/ckeditor/plugins/smiley/images/angel_smile.png,1
/assets/js/vendors/ckeditor/plugins/smiley/images/angry_smile.gif,1
/assets/js/vendors/ckeditor/plugins/smiley/images/angry_smile.png,1
/assets/js/vendors/ckeditor/plugins/smiley/images/broken_heart.gif,0
/assets/js/vendors/ckeditor/plugins/smiley/images/broken_heart.png,1
/assets/js/vendors/ckeditor/plugins/smiley/images/confused_smile.gif,1
/assets/js/vendors/ckeditor/plugins/smiley/images/confused_smile.png,1
/assets/js/vendors/ckeditor/plugins/smiley/images/cry_smile.gif,0
/assets/js/vendors/ckeditor/plugins/smiley/images/cry_smile.png,1
/assets/js/vendors/ckeditor/plugins/smiley/images/devil_smile.gif,1
/assets/js/vendors/ckeditor/plugins/smiley/images/devil_smile.png,1
/assets/js/vendors/ckeditor/plugins/smiley/images/embaressed_smile.gif,0
/assets/js/vendors/ckeditor/plugins/smiley/images/embarrassed_smile.gif,0
/assets/js/vendors/ckeditor/plugins/smiley/images/embarrassed_smile.png,1
/assets/js/vendors/ckeditor/plugins/smiley/images/envelope.gif,0
/assets/js/vendors/ckeditor/plugins/smiley/images/envelope.png,0
/assets/js/vendors/ckeditor/plugins/smiley/images/heart.gif,0
/assets/js/vendors/ckeditor/plugins/smiley/images/heart.png,0
/assets/js/vendors/ckeditor/plugins/smiley/images/kiss.gif,0
/assets/js/vendors/ckeditor/plugins/smiley/images/kiss.png,0
/assets/js/vendors/ckeditor/plugins/smiley/images/lightbulb.gif,0
/assets/js/vendors/ckeditor/plugins/smiley/images/lightbulb.png,0
/assets/js/vendors/ckeditor/plugins/smiley/images/omg_smile.gif,0
/assets/js/vendors/ckeditor/plugins/smiley/images/omg_smile.png,1
/assets/js/vendors/ckeditor/plugins/smiley/images/regular_smile.gif,1
/assets/js/vendors/ckeditor/plugins/smiley/images/regular_smile.png,1
/assets/js/vendors/ckeditor/plugins/smiley/images/sad_smile.gif,0
/assets/js/vendors/ckeditor/plugins/smiley/images/sad_smile.png,1
/assets/js/vendors/ckeditor/plugins/smiley/images/shades_smile.gif,1
/assets/js/vendors/ckeditor/plugins/smiley/images/shades_smile.png,1
/assets/js/vendors/ckeditor/plugins/smiley/images/teeth_smile.gif,1
/assets/js/vendors/ckeditor/plugins/smiley/images/teeth_smile.png,1
/assets/js/vendors/ckeditor/plugins/smiley/images/thumbs_down.gif,0
/assets/js/vendors/ckeditor/plugins/smiley/images/thumbs_down.png,0
/assets/js/vendors/ckeditor/plugins/smiley/images/thumbs_up.gif,0
/assets/js/vendors/ckeditor/plugins/smiley/images/thumbs_up.png,0
/assets/js/vendors/ckeditor/plugins/smiley/images/tongue_smile.gif,1
/assets/js/vendors/ckeditor/plugins/smiley/images/tongue_smile.png,1
/assets/js/vendors/ckeditor/plugins/smiley/images/tounge_smile.gif,1
/assets/js/vendors/ckeditor/plugins/smiley/images/whatchutalkingabout_smile.gif,0
/assets/js/vendors/ckeditor/plugins/smiley/images/whatchutalkingabout_smile.png,1
/assets/js/vendors/ckeditor/plugins/smiley/images/wink_smile.gif,1
/assets/js/vendors/ckeditor/plugins/smiley/images/wink_smile.png,1
/assets/js/vendors/ckeditor/plugins/specialchar/dialogs/lang/_translationstatus.txt,0
/assets/js/vendors/ckeditor/plugins/specialchar/dialogs/lang/af.js,4
/assets/js/vendors/ckeditor/plugins/specialchar/dialogs/lang/ar.js,4
/assets/js/vendors/ckeditor/plugins/specialchar/dialogs/lang/az.js,3
/assets/js/vendors/ckeditor/plugins/specialchar/dialogs/lang/bg.js,4
/assets/js/vendors/ckeditor/plugins/specialchar/dialogs/lang/ca.js,4
/assets/js/vendors/ckeditor/plugins/specialchar/dialogs/lang/cs.js,4
/assets/js/vendors/ckeditor/plugins/specialchar/dialogs/lang/cy.js,4
/assets/js/vendors/ckeditor/plugins/specialchar/dialogs/lang/da.js,3
/assets/js/vendors/ckeditor/plugins/specialchar/dialogs/lang/de-ch.js,4
/assets/js/vendors/ckeditor/plugins/specialchar/dialogs/lang/de.js,4
/assets/js/vendors/ckeditor/plugins/specialchar/dialogs/lang/el.js,7
/assets/js/vendors/ckeditor/plugins/specialchar/dialogs/lang/en-au.js,4
/assets/js/vendors/ckeditor/plugins/specialchar/dialogs/lang/en-ca.js,4
/assets/js/vendors/ckeditor/plugins/specialchar/dialogs/lang/en-gb.js,4
/assets/js/vendors/ckeditor/plugins/specialchar/dialogs/lang/en.js,4
/assets/js/vendors/ckeditor/plugins/specialchar/dialogs/lang/eo.js,3
/assets/js/vendors/ckeditor/plugins/specialchar/dialogs/lang/es-mx.js,4
/assets/js/vendors/ckeditor/plugins/specialchar/dialogs/lang/es.js,4
/assets/js/vendors/ckeditor/plugins/specialchar/dialogs/lang/et.js,4
/assets/js/vendors/ckeditor/plugins/specialchar/dialogs/lang/eu.js,4
/assets/js/vendors/ckeditor/plugins/specialchar/dialogs/lang/fa.js,5
/assets/js/vendors/ckeditor/plugins/specialchar/dialogs/lang/fi.js,4
/assets/js/vendors/ckeditor/plugins/specialchar/dialogs/lang/fr-ca.js,3
/assets/js/vendors/ckeditor/plugins/specialchar/dialogs/lang/fr.js,3
/assets/js/vendors/ckeditor/plugins/specialchar/dialogs/lang/gl.js,4
/assets/js/vendors/ckeditor/plugins/specialchar/dialogs/lang/he.js,4
/assets/js/vendors/ckeditor/plugins/specialchar/dialogs/lang/hr.js,4
/assets/js/vendors/ckeditor/plugins/specialchar/dialogs/lang/hu.js,4
/assets/js/vendors/ckeditor/plugins/specialchar/dialogs/lang/id.js,4
/assets/js/vendors/ckeditor/plugins/specialchar/dialogs/lang/it.js,4
/assets/js/vendors/ckeditor/plugins/specialchar/dialogs/lang/ja.js,3
/assets/js/vendors/ckeditor/plugins/specialchar/dialogs/lang/km.js,4
/assets/js/vendors/ckeditor/plugins/specialchar/dialogs/lang/ko.js,4
/assets/js/vendors/ckeditor/plugins/specialchar/dialogs/lang/ku.js,7
/assets/js/vendors/ckeditor/plugins/specialchar/dialogs/lang/lt.js,4
/assets/js/vendors/ckeditor/plugins/specialchar/dialogs/lang/lv.js,4
/assets/js/vendors/ckeditor/plugins/specialchar/dialogs/lang/nb.js,3
/assets/js/vendors/ckeditor/plugins/specialchar/dialogs/lang/nl.js,4
/assets/js/vendors/ckeditor/plugins/specialchar/dialogs/lang/no.js,3
/assets/js/vendors/ckeditor/plugins/specialchar/dialogs/lang/oc.js,3
/assets/js/vendors/ckeditor/plugins/specialchar/dialogs/lang/pl.js,4
/assets/js/vendors/ckeditor/plugins/specialchar/dialogs/lang/pt-br.js,3
/assets/js/vendors/ckeditor/plugins/specialchar/dialogs/lang/pt.js,4
/assets/js/vendors/ckeditor/plugins/specialchar/dialogs/lang/ro.js,4
/assets/js/vendors/ckeditor/plugins/specialchar/dialogs/lang/ru.js,7
/assets/js/vendors/ckeditor/plugins/specialchar/dialogs/lang/si.js,4
/assets/js/vendors/ckeditor/plugins/specialchar/dialogs/lang/sk.js,4
/assets/js/vendors/ckeditor/plugins/specialchar/dialogs/lang/sl.js,4
/assets/js/vendors/ckeditor/plugins/specialchar/dialogs/lang/sq.js,4
/assets/js/vendors/ckeditor/plugins/specialchar/dialogs/lang/sv.js,3
/assets/js/vendors/ckeditor/plugins/specialchar/dialogs/lang/th.js,4
/assets/js/vendors/ckeditor/plugins/specialchar/dialogs/lang/tr.js,4
/assets/js/vendors/ckeditor/plugins/specialchar/dialogs/lang/tt.js,6
/assets/js/vendors/ckeditor/plugins/specialchar/dialogs/lang/ug.js,4
/assets/js/vendors/ckeditor/plugins/specialchar/dialogs/lang/uk.js,6
/assets/js/vendors/ckeditor/plugins/specialchar/dialogs/lang/vi.js,5
/assets/js/vendors/ckeditor/plugins/specialchar/dialogs/lang/zh-cn.js,4
/assets/js/vendors/ckeditor/plugins/specialchar/dialogs/lang/zh.js,4
/assets/js/vendors/ckeditor/plugins/specialchar/dialogs/specialchar.js,4
/assets/js/vendors/ckeditor/plugins/syntaxhighlight/dialogs/syntaxhighlight.js,7
/assets/js/vendors/ckeditor/plugins/table/dialogs/table.js,8
/assets/js/vendors/ckeditor/plugins/tableselection/styles/tableselection.css,0
/assets/js/vendors/ckeditor/plugins/tabletools/dialogs/tableCell.js,6
/assets/js/vendors/ckeditor/plugins/templates/dialogs/templates.css,1
/assets/js/vendors/ckeditor/plugins/templates/dialogs/templates.js,3
/assets/js/vendors/ckeditor/plugins/templates/templates/default.js,1
/assets/js/vendors/ckeditor/plugins/templates/templates/images/template1.gif,0
/assets/js/vendors/ckeditor/plugins/templates/templates/images/template2.gif,0
/assets/js/vendors/ckeditor/plugins/templates/templates/images/template3.gif,0
/assets/js/vendors/ckeditor/plugins/widget/dev/assets/contents.css,0
/assets/js/vendors/ckeditor/plugins/widget/dev/assets/sample.jpg,17
/assets/js/vendors/ckeditor/plugins/widget/dev/assets/simplebox/contents.css,0
/assets/js/vendors/ckeditor/plugins/widget/dev/assets/simplebox/dialogs/simplebox.js,1
/assets/js/vendors/ckeditor/plugins/widget/dev/assets/simplebox/icons/simplebox.png,0
/assets/js/vendors/ckeditor/plugins/widget/dev/assets/simplebox/plugin.js,4
/assets/js/vendors/ckeditor/plugins/widget/dev/console.js,3
/assets/js/vendors/ckeditor/plugins/widget/dev/nestedwidgets.html,10
/assets/js/vendors/ckeditor/plugins/widget/dev/widgetstyles.html,9
/assets/js/vendors/ckeditor/plugins/widget/images/handle.png,0
/assets/js/vendors/ckeditor/plugins/widget/lang/af.js,0
/assets/js/vendors/ckeditor/plugins/widget/lang/ar.js,0
/assets/js/vendors/ckeditor/plugins/widget/lang/az.js,0
/assets/js/vendors/ckeditor/plugins/widget/lang/bg.js,0
/assets/js/vendors/ckeditor/plugins/widget/lang/ca.js,0
/assets/js/vendors/ckeditor/plugins/widget/lang/cs.js,0
/assets/js/vendors/ckeditor/plugins/widget/lang/cy.js,0
/assets/js/vendors/ckeditor/plugins/widget/lang/da.js,0
/assets/js/vendors/ckeditor/plugins/widget/lang/de-ch.js,0
/assets/js/vendors/ckeditor/plugins/widget/lang/de.js,0
/assets/js/vendors/ckeditor/plugins/widget/lang/el.js,0
/assets/js/vendors/ckeditor/plugins/widget/lang/en-au.js,0
/assets/js/vendors/ckeditor/plugins/widget/lang/en-gb.js,0
/assets/js/vendors/ckeditor/plugins/widget/lang/en.js,0
/assets/js/vendors/ckeditor/plugins/widget/lang/eo.js,0
/assets/js/vendors/ckeditor/plugins/widget/lang/es-mx.js,0
/assets/js/vendors/ckeditor/plugins/widget/lang/es.js,0
/assets/js/vendors/ckeditor/plugins/widget/lang/et.js,0
/assets/js/vendors/ckeditor/plugins/widget/lang/eu.js,0
/assets/js/vendors/ckeditor/plugins/widget/lang/fa.js,0
/assets/js/vendors/ckeditor/plugins/widget/lang/fi.js,0
/assets/js/vendors/ckeditor/plugins/widget/lang/fr.js,0
/assets/js/vendors/ckeditor/plugins/widget/lang/gl.js,0
/assets/js/vendors/ckeditor/plugins/widget/lang/he.js,0
/assets/js/vendors/ckeditor/plugins/widget/lang/hr.js,0
/assets/js/vendors/ckeditor/plugins/widget/lang/hu.js,0
/assets/js/vendors/ckeditor/plugins/widget/lang/id.js,0
/assets/js/vendors/ckeditor/plugins/widget/lang/it.js,0
/assets/js/vendors/ckeditor/plugins/widget/lang/ja.js,0
/assets/js/vendors/ckeditor/plugins/widget/lang/km.js,0
/assets/js/vendors/ckeditor/plugins/widget/lang/ko.js,0
/assets/js/vendors/ckeditor/plugins/widget/lang/ku.js,0
/assets/js/vendors/ckeditor/plugins/widget/lang/lv.js,0
/assets/js/vendors/ckeditor/plugins/widget/lang/nb.js,0
/assets/js/vendors/ckeditor/plugins/widget/lang/nl.js,0
/assets/js/vendors/ckeditor/plugins/widget/lang/no.js,0
/assets/js/vendors/ckeditor/plugins/widget/lang/oc.js,0
/assets/js/vendors/ckeditor/plugins/widget/lang/pl.js,0
/assets/js/vendors/ckeditor/plugins/widget/lang/pt-br.js,0
/assets/js/vendors/ckeditor/plugins/widget/lang/pt.js,0
/assets/js/vendors/ckeditor/plugins/widget/lang/ro.js,0
/assets/js/vendors/ckeditor/plugins/widget/lang/ru.js,0
/assets/js/vendors/ckeditor/plugins/widget/lang/sk.js,0
/assets/js/vendors/ckeditor/plugins/widget/lang/sl.js,0
/assets/js/vendors/ckeditor/plugins/widget/lang/sq.js,0
/assets/js/vendors/ckeditor/plugins/widget/lang/sv.js,0
/assets/js/vendors/ckeditor/plugins/widget/lang/tr.js,0
/assets/js/vendors/ckeditor/plugins/widget/lang/tt.js,0
/assets/js/vendors/ckeditor/plugins/widget/lang/ug.js,0
/assets/js/vendors/ckeditor/plugins/widget/lang/uk.js,0
/assets/js/vendors/ckeditor/plugins/widget/lang/vi.js,0
/assets/js/vendors/ckeditor/plugins/widget/lang/zh-cn.js,0
/assets/js/vendors/ckeditor/plugins/widget/lang/zh.js,0
/assets/js/vendors/ckeditor/plugins/widget/plugin.js,143
/assets/js/vendors/ckeditor/plugins/wsc/LICENSE.md,1
/assets/js/vendors/ckeditor/plugins/wsc/README.md,0
/assets/js/vendors/ckeditor/plugins/wsc/dialogs/ciframe.html,1
/assets/js/vendors/ckeditor/plugins/wsc/dialogs/tmpFrameset.html,1
/assets/js/vendors/ckeditor/plugins/wsc/dialogs/wsc.css,1
/assets/js/vendors/ckeditor/plugins/wsc/dialogs/wsc.js,46
/assets/js/vendors/ckeditor/plugins/wsc/dialogs/wsc_ie.js,3
/assets/js/vendors/ckeditor/plugins/wsc/skins/moono-lisa/wsc.css,1
/assets/js/vendors/ckeditor/samples/css/samples.css,65
/assets/js/vendors/ckeditor/samples/img/github-top.png,0
/assets/js/vendors/ckeditor/samples/img/header-bg.png,12
/assets/js/vendors/ckeditor/samples/img/header-separator.png,0
/assets/js/vendors/ckeditor/samples/img/logo.png,5
/assets/js/vendors/ckeditor/samples/img/logo.svg,10
/assets/js/vendors/ckeditor/samples/img/navigation-tip.png,11
/assets/js/vendors/ckeditor/samples/index.html,6
/assets/js/vendors/ckeditor/samples/js/sample.js,1
/assets/js/vendors/ckeditor/samples/js/sf.js,6
/assets/js/vendors/ckeditor/samples/old/ajax.html,2
/assets/js/vendors/ckeditor/samples/old/api.html,7
/assets/js/vendors/ckeditor/samples/old/appendto.html,2
/assets/js/vendors/ckeditor/samples/old/assets/inlineall/logo.png,4
/assets/js/vendors/ckeditor/samples/old/assets/outputxhtml/outputxhtml.css,2
/assets/js/vendors/ckeditor/samples/old/assets/posteddata.php,1
/assets/js/vendors/ckeditor/samples/old/assets/sample.jpg,14
/assets/js/vendors/ckeditor/samples/old/assets/uilanguages/languages.js,1
/assets/js/vendors/ckeditor/samples/old/datafiltering.html,46
/assets/js/vendors/ckeditor/samples/old/dialog/assets/my_dialog.js,0
/assets/js/vendors/ckeditor/samples/old/dialog/dialog.html,7
/assets/js/vendors/ckeditor/samples/old/divreplace.html,4
/assets/js/vendors/ckeditor/samples/old/enterkey/enterkey.html,4
/assets/js/vendors/ckeditor/samples/old/htmlwriter/assets/outputforflash/outputforflash.fla,83
/assets/js/vendors/ckeditor/samples/old/htmlwriter/assets/outputforflash/outputforflash.swf,15
/assets/js/vendors/ckeditor/samples/old/htmlwriter/assets/outputforflash/swfobject.js,9
/assets/js/vendors/ckeditor/samples/old/htmlwriter/outputforflash.html,9
/assets/js/vendors/ckeditor/samples/old/htmlwriter/outputhtml.html,7
/assets/js/vendors/ckeditor/samples/old/index.html,5
/assets/js/vendors/ckeditor/samples/old/inlineall.html,9
/assets/js/vendors/ckeditor/samples/old/inlinebycode.html,6
/assets/js/vendors/ckeditor/samples/old/inlinetextarea.html,4
/assets/js/vendors/ckeditor/samples/old/jquery.html,7
/assets/js/vendors/ckeditor/samples/old/magicline/magicline.html,8
/assets/js/vendors/ckeditor/samples/old/readonly.html,2
/assets/js/vendors/ckeditor/samples/old/replacebyclass.html,6
/assets/js/vendors/ckeditor/samples/old/replacebycode.html,6
/assets/js/vendors/ckeditor/samples/old/sample.css,4
/assets/js/vendors/ckeditor/samples/old/sample.js,1
/assets/js/vendors/ckeditor/samples/old/sample_posteddata.php,0
/assets/js/vendors/ckeditor/samples/old/tabindex.html,2
/assets/js/vendors/ckeditor/samples/old/toolbar/toolbar.html,8
/assets/js/vendors/ckeditor/samples/old/uicolor.html,2
/assets/js/vendors/ckeditor/samples/old/uilanguages.html,4
/assets/js/vendors/ckeditor/samples/old/wysiwygarea/fullpage.html,7
/assets/js/vendors/ckeditor/samples/old/xhtmlstyle.html,6
/assets/js/vendors/ckeditor/samples/toolbarconfigurator/css/fontello.css,1
/assets/js/vendors/ckeditor/samples/toolbarconfigurator/font/LICENSE.txt,0
/assets/js/vendors/ckeditor/samples/toolbarconfigurator/font/config.json,0
/assets/js/vendors/ckeditor/samples/toolbarconfigurator/font/fontello.eot,4
/assets/js/vendors/ckeditor/samples/toolbarconfigurator/font/fontello.svg,1
/assets/js/vendors/ckeditor/samples/toolbarconfigurator/font/fontello.ttf,4
/assets/js/vendors/ckeditor/samples/toolbarconfigurator/font/fontello.woff,2
/assets/js/vendors/ckeditor/samples/toolbarconfigurator/index.html,15
/assets/js/vendors/ckeditor/samples/toolbarconfigurator/js/abstracttoolbarmodifier.js,6
/assets/js/vendors/ckeditor/samples/toolbarconfigurator/js/fulltoolbareditor.js,3
/assets/js/vendors/ckeditor/samples/toolbarconfigurator/js/toolbarmodifier.js,16
/assets/js/vendors/ckeditor/samples/toolbarconfigurator/js/toolbartextmodifier.js,6
/assets/js/vendors/ckeditor/samples/toolbarconfigurator/lib/codemirror/LICENSE,1
/assets/js/vendors/ckeditor/samples/toolbarconfigurator/lib/codemirror/codemirror.css,7
/assets/js/vendors/ckeditor/samples/toolbarconfigurator/lib/codemirror/codemirror.js,145
/assets/js/vendors/ckeditor/samples/toolbarconfigurator/lib/codemirror/javascript.js,12
/assets/js/vendors/ckeditor/samples/toolbarconfigurator/lib/codemirror/neo.css,0
/assets/js/vendors/ckeditor/samples/toolbarconfigurator/lib/codemirror/show-hint.css,0
/assets/js/vendors/ckeditor/samples/toolbarconfigurator/lib/codemirror/show-hint.js,7
/assets/js/vendors/ckeditor/skins/moono/dialog.css,13
/assets/js/vendors/ckeditor/skins/moono/dialog_ie.css,14
/assets/js/vendors/ckeditor/skins/moono/dialog_ie7.css,14
/assets/js/vendors/ckeditor/skins/moono/dialog_ie8.css,14
/assets/js/vendors/ckeditor/skins/moono/dialog_iequirks.css,14
/assets/js/vendors/ckeditor/skins/moono/editor.css,42
/assets/js/vendors/ckeditor/skins/moono/editor_gecko.css,42
/assets/js/vendors/ckeditor/skins/moono/editor_ie.css,43
/assets/js/vendors/ckeditor/skins/moono/editor_ie7.css,45
/assets/js/vendors/ckeditor/skins/moono/editor_ie8.css,43
/assets/js/vendors/ckeditor/skins/moono/editor_iequirks.css,44
/assets/js/vendors/ckeditor/skins/moono/icons.png,21
/assets/js/vendors/ckeditor/skins/moono/icons_hidpi.png,63
/assets/js/vendors/ckeditor/skins/moono/images/anchor.png,0
/assets/js/vendors/ckeditor/skins/moono/images/arrow.png,0
/assets/js/vendors/ckeditor/skins/moono/images/close.png,0
/assets/js/vendors/ckeditor/skins/moono/images/hidpi/anchor.png,1
/assets/js/vendors/ckeditor/skins/moono/images/hidpi/close.png,1
/assets/js/vendors/ckeditor/skins/moono/images/hidpi/lock-open.png,1
/assets/js/vendors/ckeditor/skins/moono/images/hidpi/lock.png,1
/assets/js/vendors/ckeditor/skins/moono/images/hidpi/refresh.png,2
/assets/js/vendors/ckeditor/skins/moono/images/lock-open.png,0
/assets/js/vendors/ckeditor/skins/moono/images/lock.png,0
/assets/js/vendors/ckeditor/skins/moono/images/refresh.png,1
/assets/js/vendors/ckeditor/skins/moono/images/spinner.gif,2
/assets/js/vendors/ckeditor/skins/moono/readme.md,2
/assets/js/vendors/ckeditor/styles.js,5
/assets/js/vendors/cropper/cropper.css,4
/assets/js/vendors/cropper/cropper.js,87
/assets/js/vendors/easypiechart/jquery.easy-pie-chart.js,6
/assets/js/vendors/editor/kindeditor-min.js,298
/assets/js/vendors/editor/lang/zh-CN.js,8
/assets/js/vendors/editor/php/file_manager_json.php,3
/assets/js/vendors/editor/php/upload_json.php,3
/assets/js/vendors/editor/plugins/anchor/anchor.js,1
/assets/js/vendors/editor/plugins/autoheight/autoheight.js,1
/assets/js/vendors/editor/plugins/baidumap/baidumap.js,3
/assets/js/vendors/editor/plugins/baidumap/index.html,3
/assets/js/vendors/editor/plugins/baidumap/map.html,1
/assets/js/vendors/editor/plugins/clearhtml/clearhtml.js,1
/assets/js/vendors/editor/plugins/code/code.js,2
/assets/js/vendors/editor/plugins/code/prettify.css,0
/assets/js/vendors/editor/plugins/code/prettify.js,13
/assets/js/vendors/editor/plugins/emoticons/emoticons.js,3
/assets/js/vendors/editor/plugins/emoticons/images/0.gif,1
/assets/js/vendors/editor/plugins/emoticons/images/1.gif,1
/assets/js/vendors/editor/plugins/emoticons/images/10.gif,3
/assets/js/vendors/editor/plugins/emoticons/images/100.gif,1
/assets/js/vendors/editor/plugins/emoticons/images/101.gif,2
/assets/js/vendors/editor/plugins/emoticons/images/102.gif,1
/assets/js/vendors/editor/plugins/emoticons/images/103.gif,2
/assets/js/vendors/editor/plugins/emoticons/images/104.gif,2
/assets/js/vendors/editor/plugins/emoticons/images/105.gif,1
/assets/js/vendors/editor/plugins/emoticons/images/106.gif,1
/assets/js/vendors/editor/plugins/emoticons/images/107.gif,1
/assets/js/vendors/editor/plugins/emoticons/images/108.gif,1
/assets/js/vendors/editor/plugins/emoticons/images/109.gif,1
/assets/js/vendors/editor/plugins/emoticons/images/11.gif,7
/assets/js/vendors/editor/plugins/emoticons/images/110.gif,1
/assets/js/vendors/editor/plugins/emoticons/images/111.gif,1
/assets/js/vendors/editor/plugins/emoticons/images/112.gif,1
/assets/js/vendors/editor/plugins/emoticons/images/113.gif,0
/assets/js/vendors/editor/plugins/emoticons/images/114.gif,0
/assets/js/vendors/editor/plugins/emoticons/images/115.gif,1
/assets/js/vendors/editor/plugins/emoticons/images/116.gif,0
/assets/js/vendors/editor/plugins/emoticons/images/117.gif,1
/assets/js/vendors/editor/plugins/emoticons/images/118.gif,0
/assets/js/vendors/editor/plugins/emoticons/images/119.gif,1
/assets/js/vendors/editor/plugins/emoticons/images/12.gif,2
/assets/js/vendors/editor/plugins/emoticons/images/120.gif,0
/assets/js/vendors/editor/plugins/emoticons/images/121.gif,1
/assets/js/vendors/editor/plugins/emoticons/images/122.gif,0
/assets/js/vendors/editor/plugins/emoticons/images/123.gif,1
/assets/js/vendors/editor/plugins/emoticons/images/124.gif,0
/assets/js/vendors/editor/plugins/emoticons/images/125.gif,0
/assets/js/vendors/editor/plugins/emoticons/images/126.gif,1
/assets/js/vendors/editor/plugins/emoticons/images/127.gif,0
/assets/js/vendors/editor/plugins/emoticons/images/128.gif,0
/assets/js/vendors/editor/plugins/emoticons/images/129.gif,0
/assets/js/vendors/editor/plugins/emoticons/images/13.gif,1
/assets/js/vendors/editor/plugins/emoticons/images/130.gif,0
/assets/js/vendors/editor/plugins/emoticons/images/131.gif,0
/assets/js/vendors/editor/plugins/emoticons/images/132.gif,0
/assets/js/vendors/editor/plugins/emoticons/images/133.gif,0
/assets/js/vendors/editor/plugins/emoticons/images/134.gif,0
/assets/js/vendors/editor/plugins/emoticons/images/14.gif,3
/assets/js/vendors/editor/plugins/emoticons/images/15.gif,1
/assets/js/vendors/editor/plugins/emoticons/images/16.gif,1
/assets/js/vendors/editor/plugins/emoticons/images/17.gif,3
/assets/js/vendors/editor/plugins/emoticons/images/18.gif,7
/assets/js/vendors/editor/plugins/emoticons/images/19.gif,7
/assets/js/vendors/editor/plugins/emoticons/images/2.gif,1
/assets/js/vendors/editor/plugins/emoticons/images/20.gif,1
/assets/js/vendors/editor/plugins/emoticons/images/21.gif,1
/assets/js/vendors/editor/plugins/emoticons/images/22.gif,2
/assets/js/vendors/editor/plugins/emoticons/images/23.gif,1
/assets/js/vendors/editor/plugins/emoticons/images/24.gif,2
/assets/js/vendors/editor/plugins/emoticons/images/25.gif,2
/assets/js/vendors/editor/plugins/emoticons/images/26.gif,3
/assets/js/vendors/editor/plugins/emoticons/images/27.gif,2
/assets/js/vendors/editor/plugins/emoticons/images/28.gif,3
/assets/js/vendors/editor/plugins/emoticons/images/29.gif,5
/assets/js/vendors/editor/plugins/emoticons/images/3.gif,1
/assets/js/vendors/editor/plugins/emoticons/images/30.gif,1
/assets/js/vendors/editor/plugins/emoticons/images/31.gif,5
/assets/js/vendors/editor/plugins/emoticons/images/32.gif,7
/assets/js/vendors/editor/plugins/emoticons/images/33.gif,4
/assets/js/vendors/editor/plugins/emoticons/images/34.gif,2
/assets/js/vendors/editor/plugins/emoticons/images/35.gif,13
/assets/js/vendors/editor/plugins/emoticons/images/36.gif,1
/assets/js/vendors/editor/plugins/emoticons/images/37.gif,1
/assets/js/vendors/editor/plugins/emoticons/images/38.gif,1
/assets/js/vendors/editor/plugins/emoticons/images/39.gif,1
/assets/js/vendors/editor/plugins/emoticons/images/4.gif,1
/assets/js/vendors/editor/plugins/emoticons/images/40.gif,9
/assets/js/vendors/editor/plugins/emoticons/images/41.gif,3
/assets/js/vendors/editor/plugins/emoticons/images/42.gif,13
/assets/js/vendors/editor/plugins/emoticons/images/43.gif,4
/assets/js/vendors/editor/plugins/emoticons/images/44.gif,1
/assets/js/vendors/editor/plugins/emoticons/images/45.gif,4
/assets/js/vendors/editor/plugins/emoticons/images/46.gif,5
/assets/js/vendors/editor/plugins/emoticons/images/47.gif,3
/assets/js/vendors/editor/plugins/emoticons/images/48.gif,1
/assets/js/vendors/editor/plugins/emoticons/images/49.gif,6
/assets/js/vendors/editor/plugins/emoticons/images/5.gif,1
/assets/js/vendors/editor/plugins/emoticons/images/50.gif,3
/assets/js/vendors/editor/plugins/emoticons/images/51.gif,3
/assets/js/vendors/editor/plugins/emoticons/images/52.gif,1
/assets/js/vendors/editor/plugins/emoticons/images/53.gif,2
/assets/js/vendors/editor/plugins/emoticons/images/54.gif,2
/assets/js/vendors/editor/plugins/emoticons/images/55.gif,1
/assets/js/vendors/editor/plugins/emoticons/images/56.gif,1
/assets/js/vendors/editor/plugins/emoticons/images/57.gif,4
/assets/js/vendors/editor/plugins/emoticons/images/58.gif,2
/assets/js/vendors/editor/plugins/emoticons/images/59.gif,1
/assets/js/vendors/editor/plugins/emoticons/images/6.gif,3
/assets/js/vendors/editor/plugins/emoticons/images/60.gif,2
/assets/js/vendors/editor/plugins/emoticons/images/61.gif,1
/assets/js/vendors/editor/plugins/emoticons/images/62.gif,1
/assets/js/vendors/editor/plugins/emoticons/images/63.gif,0
/assets/js/vendors/editor/plugins/emoticons/images/64.gif,0
/assets/js/vendors/editor/plugins/emoticons/images/65.gif,5
/assets/js/vendors/editor/plugins/emoticons/images/66.gif,1
/assets/js/vendors/editor/plugins/emoticons/images/67.gif,2
/assets/js/vendors/editor/plugins/emoticons/images/68.gif,4
/assets/js/vendors/editor/plugins/emoticons/images/69.gif,0
/assets/js/vendors/editor/plugins/emoticons/images/7.gif,3
/assets/js/vendors/editor/plugins/emoticons/images/70.gif,1
/assets/js/vendors/editor/plugins/emoticons/images/71.gif,0
/assets/js/vendors/editor/plugins/emoticons/images/72.gif,3
/assets/js/vendors/editor/plugins/emoticons/images/73.gif,2
/assets/js/vendors/editor/plugins/emoticons/images/74.gif,2
/assets/js/vendors/editor/plugins/emoticons/images/75.gif,1
/assets/js/vendors/editor/plugins/emoticons/images/76.gif,1
/assets/js/vendors/editor/plugins/emoticons/images/77.gif,1
/assets/js/vendors/editor/plugins/emoticons/images/78.gif,1
/assets/js/vendors/editor/plugins/emoticons/images/79.gif,1
/assets/js/vendors/editor/plugins/emoticons/images/8.gif,4
/assets/js/vendors/editor/plugins/emoticons/images/80.gif,1
/assets/js/vendors/editor/plugins/emoticons/images/81.gif,1
/assets/js/vendors/editor/plugins/emoticons/images/82.gif,1
/assets/js/vendors/editor/plugins/emoticons/images/83.gif,1
/assets/js/vendors/editor/plugins/emoticons/images/84.gif,3
/assets/js/vendors/editor/plugins/emoticons/images/85.gif,1
/assets/js/vendors/editor/plugins/emoticons/images/86.gif,1
/assets/js/vendors/editor/plugins/emoticons/images/87.gif,1
/assets/js/vendors/editor/plugins/emoticons/images/88.gif,2
/assets/js/vendors/editor/plugins/emoticons/images/89.gif,1
/assets/js/vendors/editor/plugins/emoticons/images/9.gif,3
/assets/js/vendors/editor/plugins/emoticons/images/90.gif,2
/assets/js/vendors/editor/plugins/emoticons/images/91.gif,0
/assets/js/vendors/editor/plugins/emoticons/images/92.gif,1
/assets/js/vendors/editor/plugins/emoticons/images/93.gif,1
/assets/js/vendors/editor/plugins/emoticons/images/94.gif,3
/assets/js/vendors/editor/plugins/emoticons/images/95.gif,2
/assets/js/vendors/editor/plugins/emoticons/images/96.gif,1
/assets/js/vendors/editor/plugins/emoticons/images/97.gif,5
/assets/js/vendors/editor/plugins/emoticons/images/98.gif,1
/assets/js/vendors/editor/plugins/emoticons/images/99.gif,2
/assets/js/vendors/editor/plugins/emoticons/images/static.gif,34
/assets/js/vendors/editor/plugins/filemanager/filemanager.js,6
/assets/js/vendors/editor/plugins/filemanager/images/file-16.gif,0
/assets/js/vendors/editor/plugins/filemanager/images/file-64.gif,1
/assets/js/vendors/editor/plugins/filemanager/images/folder-16.gif,0
/assets/js/vendors/editor/plugins/filemanager/images/folder-64.gif,1
/assets/js/vendors/editor/plugins/filemanager/images/go-up.gif,0
/assets/js/vendors/editor/plugins/fixtoolbar/fixtoolbar.js,0
/assets/js/vendors/editor/plugins/flash/flash.js,5
/assets/js/vendors/editor/plugins/image/image.js,11
/assets/js/vendors/editor/plugins/image/images/align_left.gif,0
/assets/js/vendors/editor/plugins/image/images/align_right.gif,0
/assets/js/vendors/editor/plugins/image/images/align_top.gif,0
/assets/js/vendors/editor/plugins/image/images/refresh.png,0
/assets/js/vendors/editor/plugins/insertfile/insertfile.js,4
/assets/js/vendors/editor/plugins/lineheight/lineheight.js,1
/assets/js/vendors/editor/plugins/link/link.js,2
/assets/js/vendors/editor/plugins/map/map.html,1
/assets/js/vendors/editor/plugins/map/map.js,4
/assets/js/vendors/editor/plugins/media/media.js,5
/assets/js/vendors/editor/plugins/multiimage/images/image.png,1
/assets/js/vendors/editor/plugins/multiimage/images/select-files-en.png,0
/assets/js/vendors/editor/plugins/multiimage/images/select-files-zh-CN.png,0
/assets/js/vendors/editor/plugins/multiimage/images/swfupload.swf,12
/assets/js/vendors/editor/plugins/multiimage/multiimage.js,51
/assets/js/vendors/editor/plugins/pagebreak/pagebreak.js,0
/assets/js/vendors/editor/plugins/plainpaste/plainpaste.js,1
/assets/js/vendors/editor/plugins/preview/preview.js,1
/assets/js/vendors/editor/plugins/quickformat/quickformat.js,2
/assets/js/vendors/editor/plugins/table/table.js,23
/assets/js/vendors/editor/plugins/template/html/1.html,0
/assets/js/vendors/editor/plugins/template/html/2.html,0
/assets/js/vendors/editor/plugins/template/html/3.html,0
/assets/js/vendors/editor/plugins/template/template.js,2
/assets/js/vendors/editor/plugins/wordpaste/wordpaste.js,1
/assets/js/vendors/editor/themes/common/anchor.gif,0
/assets/js/vendors/editor/themes/common/blank.gif,0
/assets/js/vendors/editor/themes/common/flash.gif,1
/assets/js/vendors/editor/themes/common/loading.gif,2
/assets/js/vendors/editor/themes/common/media.gif,1
/assets/js/vendors/editor/themes/common/rm.gif,0
/assets/js/vendors/editor/themes/default/background.png,1
/assets/js/vendors/editor/themes/default/default.css,21
/assets/js/vendors/editor/themes/default/default.png,8
/assets/js/vendors/editor/themes/qq/editor.gif,1
/assets/js/vendors/editor/themes/qq/qq.css,3
/assets/js/vendors/editor/themes/simple/simple.css,2
/assets/js/vendors/emoji/css/emoji.css,5
/assets/js/vendors/emoji/css/emoji.css.map,3
/assets/js/vendors/emoji/css/nanoscroller.css,1
/assets/js/vendors/emoji/img/IconsetSmiles.png,6
/assets/js/vendors/emoji/img/IconsetSmiles_1x.png,3
/assets/js/vendors/emoji/img/IconsetW.png,25
/assets/js/vendors/emoji/img/IconsetW_1x.png,12
/assets/js/vendors/emoji/img/blank.gif,0
/assets/js/vendors/emoji/img/emoji_spritesheet_0.png,722
/assets/js/vendors/emoji/img/emoji_spritesheet_1.png,530
/assets/js/vendors/emoji/img/emoji_spritesheet_2.png,956
/assets/js/vendors/emoji/img/emoji_spritesheet_3.png,402
/assets/js/vendors/emoji/img/emoji_spritesheet_4.png,531
/assets/js/vendors/emoji/js/config.js,129
/assets/js/vendors/emoji/js/emoji-picker.coffee,2
/assets/js/vendors/emoji/js/emoji-picker.js,3
/assets/js/vendors/emoji/js/emoji-picker.js.map,2
/assets/js/vendors/emoji/js/jquery.emojiarea.js,22
/assets/js/vendors/emoji/js/nanoscroller.min.js,10
/assets/js/vendors/emoji/js/tether.min.js,22
/assets/js/vendors/emoji/js/util.js,5
/assets/js/vendors/fileinput/css/fileinput.min.css,6
/assets/js/vendors/fileinput/js/fileinput.min.js,71
/assets/js/vendors/fileinput/js/zh.js,3
/assets/js/vendors/font-awesome/css/font-awesome.css.map,21
/assets/js/vendors/font-awesome/css/font-awesome.min.css,30
/assets/js/vendors/font-awesome/fonts/FontAwesome.otf,131
/assets/js/vendors/font-awesome/fonts/fontawesome-webfont.eot,161
/assets/js/vendors/font-awesome/fonts/fontawesome-webfont.svg,436
/assets/js/vendors/font-awesome/fonts/fontawesome-webfont.ttf,161
/assets/js/vendors/font-awesome/fonts/fontawesome-webfont.woff,95
/assets/js/vendors/font-awesome/fonts/fontawesome-webfont.woff2,75
/assets/js/vendors/from/jquery.form.js,44
/assets/js/vendors/highlight/highlight.pack.js,514
/assets/js/vendors/highlight/styles/agate.css,1
/assets/js/vendors/highlight/styles/androidstudio.css,0
/assets/js/vendors/highlight/styles/arduino-light.css,1
/assets/js/vendors/highlight/styles/arta.css,0
/assets/js/vendors/highlight/styles/ascetic.css,0
/assets/js/vendors/highlight/styles/atelier-cave-dark.css,1
/assets/js/vendors/highlight/styles/atelier-cave-light.css,1
/assets/js/vendors/highlight/styles/atelier-dune-dark.css,1
/assets/js/vendors/highlight/styles/atelier-dune-light.css,1
/assets/js/vendors/highlight/styles/atelier-estuary-dark.css,1
/assets/js/vendors/highlight/styles/atelier-estuary-light.css,1
/assets/js/vendors/highlight/styles/atelier-forest-dark.css,1
/assets/js/vendors/highlight/styles/atelier-forest-light.css,1
/assets/js/vendors/highlight/styles/atelier-heath-dark.css,1
/assets/js/vendors/highlight/styles/atelier-heath-light.css,1
/assets/js/vendors/highlight/styles/atelier-lakeside-dark.css,1
/assets/js/vendors/highlight/styles/atelier-lakeside-light.css,1
/assets/js/vendors/highlight/styles/atelier-plateau-dark.css,1
/assets/js/vendors/highlight/styles/atelier-plateau-light.css,1
/assets/js/vendors/highlight/styles/atelier-savanna-dark.css,1
/assets/js/vendors/highlight/styles/atelier-savanna-light.css,1
/assets/js/vendors/highlight/styles/atelier-seaside-dark.css,1
/assets/js/vendors/highlight/styles/atelier-seaside-light.css,1
/assets/js/vendors/highlight/styles/atelier-sulphurpool-dark.css,1
/assets/js/vendors/highlight/styles/atelier-sulphurpool-light.css,1
/assets/js/vendors/highlight/styles/atom-one-dark.css,1
/assets/js/vendors/highlight/styles/atom-one-light.css,1
/assets/js/vendors/highlight/styles/brown-paper.css,0
/assets/js/vendors/highlight/styles/brown-papersq.png,17
/assets/js/vendors/highlight/styles/codepen-embed.css,0
/assets/js/vendors/highlight/styles/color-brewer.css,0
/assets/js/vendors/highlight/styles/darcula.css,0
/assets/js/vendors/highlight/styles/dark.css,0
/assets/js/vendors/highlight/styles/darkula.css,0
/assets/js/vendors/highlight/styles/default.css,1
/assets/js/vendors/highlight/styles/docco.css,1
/assets/js/vendors/highlight/styles/dracula.css,1
/assets/js/vendors/highlight/styles/far.css,0
/assets/js/vendors/highlight/styles/foundation.css,1
/assets/js/vendors/highlight/styles/github-gist.css,0
/assets/js/vendors/highlight/styles/github.css,1
/assets/js/vendors/highlight/styles/googlecode.css,1
/assets/js/vendors/highlight/styles/grayscale.css,2
/assets/js/vendors/highlight/styles/gruvbox-dark.css,1
/assets/js/vendors/highlight/styles/gruvbox-light.css,1
/assets/js/vendors/highlight/styles/hopscotch.css,1
/assets/js/vendors/highlight/styles/hybrid.css,1
/assets/js/vendors/highlight/styles/idea.css,1
/assets/js/vendors/highlight/styles/ir-black.css,0
/assets/js/vendors/highlight/styles/kimbie.dark.css,1
/assets/js/vendors/highlight/styles/kimbie.light.css,1
/assets/js/vendors/highlight/styles/magula.css,0
/assets/js/vendors/highlight/styles/mono-blue.css,0
/assets/js/vendors/highlight/styles/monokai-sublime.css,1
/assets/js/vendors/highlight/styles/monokai.css,0
/assets/js/vendors/highlight/styles/obsidian.css,1
/assets/js/vendors/highlight/styles/ocean.css,1
/assets/js/vendors/highlight/styles/paraiso-dark.css,1
/assets/js/vendors/highlight/styles/paraiso-light.css,1
/assets/js/vendors/highlight/styles/pojoaque.css,1
/assets/js/vendors/highlight/styles/pojoaque.jpg,1
/assets/js/vendors/highlight/styles/purebasic.css,2
/assets/js/vendors/highlight/styles/qtcreator_dark.css,1
/assets/js/vendors/highlight/styles/qtcreator_light.css,1
/assets/js/vendors/highlight/styles/railscasts.css,1
/assets/js/vendors/highlight/styles/rainbow.css,1
/assets/js/vendors/highlight/styles/routeros.css,1
/assets/js/vendors/highlight/styles/school-book.css,1
/assets/js/vendors/highlight/styles/school-book.png,0
/assets/js/vendors/highlight/styles/solarized-dark.css,1
/assets/js/vendors/highlight/styles/solarized-light.css,1
/assets/js/vendors/highlight/styles/sunburst.css,1
/assets/js/vendors/highlight/styles/tomorrow-night-blue.css,1
/assets/js/vendors/highlight/styles/tomorrow-night-bright.css,1
/assets/js/vendors/highlight/styles/tomorrow-night-eighties.css,1
/assets/js/vendors/highlight/styles/tomorrow-night.css,1
/assets/js/vendors/highlight/styles/tomorrow.css,1
/assets/js/vendors/highlight/styles/vs.css,0
/assets/js/vendors/highlight/styles/vs2015.css,1
/assets/js/vendors/highlight/styles/xcode.css,1
/assets/js/vendors/highlight/styles/xt256.css,1
/assets/js/vendors/highlight/styles/zenburn.css,1
/assets/js/vendors/iconfont/iconfont.css,23
/assets/js/vendors/iconfont/iconfont.eot,215
/assets/js/vendors/iconfont/iconfont.svg,340
/assets/js/vendors/iconfont/iconfont.ttf,215
/assets/js/vendors/iconfont/iconfont.woff,129
/assets/js/vendors/jHsDate/js/jHsDate.js,18
/assets/js/vendors/jcrop/jquery.jcrop.min.js,22
/assets/js/vendors/jquery-Upload/css/default.css,5
/assets/js/vendors/jquery-Upload/css/fileinput.css,4
/assets/js/vendors/jquery-Upload/css/fileinput.min.css,4
/assets/js/vendors/jquery-Upload/fonts/icomoon.eot,1
/assets/js/vendors/jquery-Upload/fonts/icomoon.svg,1
/assets/js/vendors/jquery-Upload/fonts/icomoon.ttf,1
/assets/js/vendors/jquery-Upload/fonts/icomoon.woff,1
/assets/js/vendors/jquery-Upload/img/loading-sm.gif,2
/assets/js/vendors/jquery-Upload/img/loading.gif,0
/assets/js/vendors/jquery-Upload/index.html,5
/assets/js/vendors/jquery-Upload/js/fileinput.js,100
/assets/js/vendors/jquery-Upload/js/fileinput.min.js,46
/assets/js/vendors/jquery-Upload/js/fileinput_locale_LANG.js,2
/assets/js/vendors/jquery-Upload/js/fileinput_locale_cz.js,2
/assets/js/vendors/jquery-Upload/js/fileinput_locale_de.js,2
/assets/js/vendors/jquery-Upload/js/fileinput_locale_es.js,2
/assets/js/vendors/jquery-Upload/js/fileinput_locale_fr.js,2
/assets/js/vendors/jquery-Upload/js/fileinput_locale_hu.js,2
/assets/js/vendors/jquery-Upload/js/fileinput_locale_it.js,2
/assets/js/vendors/jquery-Upload/js/fileinput_locale_nl.js,2
/assets/js/vendors/jquery-Upload/js/fileinput_locale_pl.js,2
/assets/js/vendors/jquery-Upload/js/fileinput_locale_pt.js,2
/assets/js/vendors/jquery-Upload/js/fileinput_locale_ru.js,2
/assets/js/vendors/jquery-Upload/js/fileinput_locale_sk.js,2
/assets/js/vendors/jquery-Upload/js/fileinput_locale_sr.js,2
/assets/js/vendors/jquery-Upload/js/fileinput_locale_th.js,3
/assets/js/vendors/jquery-Upload/js/fileinput_locale_tr.js,2
/assets/js/vendors/jquery-Upload/js/fileinput_locale_uk.js,2
/assets/js/vendors/jquery-Upload/js/fileinput_locale_zh.js,2
/assets/js/vendors/jquery-knob/README.md,2
/assets/js/vendors/jquery-knob/index.html,11
/assets/js/vendors/jquery-knob/js/jquery.knob.js,20
/assets/js/vendors/jquery-tab/drag-arrange.js,8
/assets/js/vendors/jquery-tab/drag.js,5
/assets/js/vendors/jquery-tab/jquery-ui.js,526
/assets/js/vendors/jquery-tab/jquery-ui.min.js,223
/assets/js/vendors/jquery-tab/major_arr.js,7
/assets/js/vendors/jquery-tab/major_func.js,1
/assets/js/vendors/jquery-tab/nationality_arr.js,1
/assets/js/vendors/jquery-tab/nationality_func.js,0
/assets/js/vendors/jquery-ui/AUTHORS.txt,12
/assets/js/vendors/jquery-ui/LICENSE.txt,1
/assets/js/vendors/jquery-ui/external/jquery/jquery.js,297
/assets/js/vendors/jquery-ui/images/ui-icons_444444_256x240.png,6
/assets/js/vendors/jquery-ui/images/ui-icons_555555_256x240.png,6
/assets/js/vendors/jquery-ui/images/ui-icons_777620_256x240.png,4
/assets/js/vendors/jquery-ui/images/ui-icons_777777_256x240.png,6
/assets/js/vendors/jquery-ui/images/ui-icons_cc0000_256x240.png,4
/assets/js/vendors/jquery-ui/images/ui-icons_ffffff_256x240.png,6
/assets/js/vendors/jquery-ui/index.html,32
/assets/js/vendors/jquery-ui/jquery-ui.css,37
/assets/js/vendors/jquery-ui/jquery-ui.js,526
/assets/js/vendors/jquery-ui/jquery-ui.min.css,31
/assets/js/vendors/jquery-ui/jquery-ui.min.js,247
/assets/js/vendors/jquery-ui/jquery-ui.structure.css,19
/assets/js/vendors/jquery-ui/jquery-ui.structure.min.css,15
/assets/js/vendors/jquery-ui/jquery-ui.theme.css,18
/assets/js/vendors/jquery-ui/jquery-ui.theme.min.css,13
/assets/js/vendors/jquery-ui/package.json,1
/assets/js/vendors/jquerySlider/Options  Responsive jQuery Slider  bxSlider.mht,139
/assets/js/vendors/jquerySlider/images/bx_loader.gif,8
/assets/js/vendors/jquerySlider/images/controls.png,2
/assets/js/vendors/jquerySlider/jquery.bxslider.css,3
/assets/js/vendors/jquerySlider/jquery.bxslider.min.js,18
/assets/js/vendors/jqueryZoom/imagezoom.css,0
/assets/js/vendors/jqueryZoom/jquery.imagezoom.min.js,2
/assets/js/vendors/jquery_layout/jquery.layout-latest.min.js,62
/assets/js/vendors/jquery_pjax/jquery.pjax.js,25
/assets/js/vendors/jqzoom/jquery.jqzoom.js,4
/assets/js/vendors/kindeditor/kindeditor-all-min.js,181
/assets/js/vendors/kindeditor/kindeditor-all.js,297
/assets/js/vendors/kindeditor/lang/ar.js,9
/assets/js/vendors/kindeditor/lang/en.js,8
/assets/js/vendors/kindeditor/lang/ko.js,8
/assets/js/vendors/kindeditor/lang/ru.js,10
/assets/js/vendors/kindeditor/lang/zh-CN.js,8
/assets/js/vendors/kindeditor/lang/zh-TW.js,8
/assets/js/vendors/kindeditor/license.txt,26
/assets/js/vendors/kindeditor/plugins/anchor/anchor.js,1
/assets/js/vendors/kindeditor/plugins/autoheight/autoheight.js,1
/assets/js/vendors/kindeditor/plugins/baidumap/baidumap.js,3
/assets/js/vendors/kindeditor/plugins/baidumap/index.html,3
/assets/js/vendors/kindeditor/plugins/baidumap/map.html,1
/assets/js/vendors/kindeditor/plugins/clearhtml/clearhtml.js,1
/assets/js/vendors/kindeditor/plugins/code/code.js,2
/assets/js/vendors/kindeditor/plugins/code/prettify.css,0
/assets/js/vendors/kindeditor/plugins/code/prettify.js,13
/assets/js/vendors/kindeditor/plugins/emoticons/emoticons.js,3
/assets/js/vendors/kindeditor/plugins/emoticons/images/0.gif,1
/assets/js/vendors/kindeditor/plugins/emoticons/images/1.gif,1
/assets/js/vendors/kindeditor/plugins/emoticons/images/10.gif,3
/assets/js/vendors/kindeditor/plugins/emoticons/images/100.gif,1
/assets/js/vendors/kindeditor/plugins/emoticons/images/101.gif,2
/assets/js/vendors/kindeditor/plugins/emoticons/images/102.gif,1
/assets/js/vendors/kindeditor/plugins/emoticons/images/103.gif,2
/assets/js/vendors/kindeditor/plugins/emoticons/images/104.gif,2
/assets/js/vendors/kindeditor/plugins/emoticons/images/105.gif,1
/assets/js/vendors/kindeditor/plugins/emoticons/images/106.gif,1
/assets/js/vendors/kindeditor/plugins/emoticons/images/107.gif,1
/assets/js/vendors/kindeditor/plugins/emoticons/images/108.gif,1
/assets/js/vendors/kindeditor/plugins/emoticons/images/109.gif,1
/assets/js/vendors/kindeditor/plugins/emoticons/images/11.gif,7
/assets/js/vendors/kindeditor/plugins/emoticons/images/110.gif,1
/assets/js/vendors/kindeditor/plugins/emoticons/images/111.gif,1
/assets/js/vendors/kindeditor/plugins/emoticons/images/112.gif,1
/assets/js/vendors/kindeditor/plugins/emoticons/images/113.gif,0
/assets/js/vendors/kindeditor/plugins/emoticons/images/114.gif,0
/assets/js/vendors/kindeditor/plugins/emoticons/images/115.gif,1
/assets/js/vendors/kindeditor/plugins/emoticons/images/116.gif,0
/assets/js/vendors/kindeditor/plugins/emoticons/images/117.gif,1
/assets/js/vendors/kindeditor/plugins/emoticons/images/118.gif,0
/assets/js/vendors/kindeditor/plugins/emoticons/images/119.gif,1
/assets/js/vendors/kindeditor/plugins/emoticons/images/12.gif,2
/assets/js/vendors/kindeditor/plugins/emoticons/images/120.gif,0
/assets/js/vendors/kindeditor/plugins/emoticons/images/121.gif,1
/assets/js/vendors/kindeditor/plugins/emoticons/images/122.gif,0
/assets/js/vendors/kindeditor/plugins/emoticons/images/123.gif,1
/assets/js/vendors/kindeditor/plugins/emoticons/images/124.gif,0
/assets/js/vendors/kindeditor/plugins/emoticons/images/125.gif,0
/assets/js/vendors/kindeditor/plugins/emoticons/images/126.gif,1
/assets/js/vendors/kindeditor/plugins/emoticons/images/127.gif,0
/assets/js/vendors/kindeditor/plugins/emoticons/images/128.gif,0
/assets/js/vendors/kindeditor/plugins/emoticons/images/129.gif,0
/assets/js/vendors/kindeditor/plugins/emoticons/images/13.gif,1
/assets/js/vendors/kindeditor/plugins/emoticons/images/130.gif,0
/assets/js/vendors/kindeditor/plugins/emoticons/images/131.gif,0
/assets/js/vendors/kindeditor/plugins/emoticons/images/132.gif,0
/assets/js/vendors/kindeditor/plugins/emoticons/images/133.gif,0
/assets/js/vendors/kindeditor/plugins/emoticons/images/134.gif,0
/assets/js/vendors/kindeditor/plugins/emoticons/images/14.gif,3
/assets/js/vendors/kindeditor/plugins/emoticons/images/15.gif,1
/assets/js/vendors/kindeditor/plugins/emoticons/images/16.gif,1
/assets/js/vendors/kindeditor/plugins/emoticons/images/17.gif,3
/assets/js/vendors/kindeditor/plugins/emoticons/images/18.gif,7
/assets/js/vendors/kindeditor/plugins/emoticons/images/19.gif,7
/assets/js/vendors/kindeditor/plugins/emoticons/images/2.gif,1
/assets/js/vendors/kindeditor/plugins/emoticons/images/20.gif,1
/assets/js/vendors/kindeditor/plugins/emoticons/images/21.gif,1
/assets/js/vendors/kindeditor/plugins/emoticons/images/22.gif,2
/assets/js/vendors/kindeditor/plugins/emoticons/images/23.gif,1
/assets/js/vendors/kindeditor/plugins/emoticons/images/24.gif,2
/assets/js/vendors/kindeditor/plugins/emoticons/images/25.gif,2
/assets/js/vendors/kindeditor/plugins/emoticons/images/26.gif,3
/assets/js/vendors/kindeditor/plugins/emoticons/images/27.gif,2
/assets/js/vendors/kindeditor/plugins/emoticons/images/28.gif,3
/assets/js/vendors/kindeditor/plugins/emoticons/images/29.gif,5
/assets/js/vendors/kindeditor/plugins/emoticons/images/3.gif,1
/assets/js/vendors/kindeditor/plugins/emoticons/images/30.gif,1
/assets/js/vendors/kindeditor/plugins/emoticons/images/31.gif,5
/assets/js/vendors/kindeditor/plugins/emoticons/images/32.gif,7
/assets/js/vendors/kindeditor/plugins/emoticons/images/33.gif,4
/assets/js/vendors/kindeditor/plugins/emoticons/images/34.gif,2
/assets/js/vendors/kindeditor/plugins/emoticons/images/35.gif,13
/assets/js/vendors/kindeditor/plugins/emoticons/images/36.gif,1
/assets/js/vendors/kindeditor/plugins/emoticons/images/37.gif,1
/assets/js/vendors/kindeditor/plugins/emoticons/images/38.gif,1
/assets/js/vendors/kindeditor/plugins/emoticons/images/39.gif,1
/assets/js/vendors/kindeditor/plugins/emoticons/images/4.gif,1
/assets/js/vendors/kindeditor/plugins/emoticons/images/40.gif,9
/assets/js/vendors/kindeditor/plugins/emoticons/images/41.gif,3
/assets/js/vendors/kindeditor/plugins/emoticons/images/42.gif,13
/assets/js/vendors/kindeditor/plugins/emoticons/images/43.gif,4
/assets/js/vendors/kindeditor/plugins/emoticons/images/44.gif,1
/assets/js/vendors/kindeditor/plugins/emoticons/images/45.gif,4
/assets/js/vendors/kindeditor/plugins/emoticons/images/46.gif,5
/assets/js/vendors/kindeditor/plugins/emoticons/images/47.gif,3
/assets/js/vendors/kindeditor/plugins/emoticons/images/48.gif,1
/assets/js/vendors/kindeditor/plugins/emoticons/images/49.gif,6
/assets/js/vendors/kindeditor/plugins/emoticons/images/5.gif,1
/assets/js/vendors/kindeditor/plugins/emoticons/images/50.gif,3
/assets/js/vendors/kindeditor/plugins/emoticons/images/51.gif,3
/assets/js/vendors/kindeditor/plugins/emoticons/images/52.gif,1
/assets/js/vendors/kindeditor/plugins/emoticons/images/53.gif,2
/assets/js/vendors/kindeditor/plugins/emoticons/images/54.gif,2
/assets/js/vendors/kindeditor/plugins/emoticons/images/55.gif,1
/assets/js/vendors/kindeditor/plugins/emoticons/images/56.gif,1
/assets/js/vendors/kindeditor/plugins/emoticons/images/57.gif,4
/assets/js/vendors/kindeditor/plugins/emoticons/images/58.gif,2
/assets/js/vendors/kindeditor/plugins/emoticons/images/59.gif,1
/assets/js/vendors/kindeditor/plugins/emoticons/images/6.gif,3
/assets/js/vendors/kindeditor/plugins/emoticons/images/60.gif,2
/assets/js/vendors/kindeditor/plugins/emoticons/images/61.gif,1
/assets/js/vendors/kindeditor/plugins/emoticons/images/62.gif,1
/assets/js/vendors/kindeditor/plugins/emoticons/images/63.gif,0
/assets/js/vendors/kindeditor/plugins/emoticons/images/64.gif,0
/assets/js/vendors/kindeditor/plugins/emoticons/images/65.gif,5
/assets/js/vendors/kindeditor/plugins/emoticons/images/66.gif,1
/assets/js/vendors/kindeditor/plugins/emoticons/images/67.gif,2
/assets/js/vendors/kindeditor/plugins/emoticons/images/68.gif,4
/assets/js/vendors/kindeditor/plugins/emoticons/images/69.gif,0
/assets/js/vendors/kindeditor/plugins/emoticons/images/7.gif,3
/assets/js/vendors/kindeditor/plugins/emoticons/images/70.gif,1
/assets/js/vendors/kindeditor/plugins/emoticons/images/71.gif,0
/assets/js/vendors/kindeditor/plugins/emoticons/images/72.gif,3
/assets/js/vendors/kindeditor/plugins/emoticons/images/73.gif,2
/assets/js/vendors/kindeditor/plugins/emoticons/images/74.gif,2
/assets/js/vendors/kindeditor/plugins/emoticons/images/75.gif,1
/assets/js/vendors/kindeditor/plugins/emoticons/images/76.gif,1
/assets/js/vendors/kindeditor/plugins/emoticons/images/77.gif,1
/assets/js/vendors/kindeditor/plugins/emoticons/images/78.gif,1
/assets/js/vendors/kindeditor/plugins/emoticons/images/79.gif,1
/assets/js/vendors/kindeditor/plugins/emoticons/images/8.gif,4
/assets/js/vendors/kindeditor/plugins/emoticons/images/80.gif,1
/assets/js/vendors/kindeditor/plugins/emoticons/images/81.gif,1
/assets/js/vendors/kindeditor/plugins/emoticons/images/82.gif,1
/assets/js/vendors/kindeditor/plugins/emoticons/images/83.gif,1
/assets/js/vendors/kindeditor/plugins/emoticons/images/84.gif,3
/assets/js/vendors/kindeditor/plugins/emoticons/images/85.gif,1
/assets/js/vendors/kindeditor/plugins/emoticons/images/86.gif,1
/assets/js/vendors/kindeditor/plugins/emoticons/images/87.gif,1
/assets/js/vendors/kindeditor/plugins/emoticons/images/88.gif,2
/assets/js/vendors/kindeditor/plugins/emoticons/images/89.gif,1
/assets/js/vendors/kindeditor/plugins/emoticons/images/9.gif,3
/assets/js/vendors/kindeditor/plugins/emoticons/images/90.gif,2
/assets/js/vendors/kindeditor/plugins/emoticons/images/91.gif,0
/assets/js/vendors/kindeditor/plugins/emoticons/images/92.gif,1
/assets/js/vendors/kindeditor/plugins/emoticons/images/93.gif,1
/assets/js/vendors/kindeditor/plugins/emoticons/images/94.gif,3
/assets/js/vendors/kindeditor/plugins/emoticons/images/95.gif,2
/assets/js/vendors/kindeditor/plugins/emoticons/images/96.gif,1
/assets/js/vendors/kindeditor/plugins/emoticons/images/97.gif,5
/assets/js/vendors/kindeditor/plugins/emoticons/images/98.gif,1
/assets/js/vendors/kindeditor/plugins/emoticons/images/99.gif,2
/assets/js/vendors/kindeditor/plugins/emoticons/images/static.gif,34
/assets/js/vendors/kindeditor/plugins/filemanager/filemanager.js,6
/assets/js/vendors/kindeditor/plugins/filemanager/images/file-16.gif,0
/assets/js/vendors/kindeditor/plugins/filemanager/images/file-64.gif,1
/assets/js/vendors/kindeditor/plugins/filemanager/images/folder-16.gif,0
/assets/js/vendors/kindeditor/plugins/filemanager/images/folder-64.gif,1
/assets/js/vendors/kindeditor/plugins/filemanager/images/go-up.gif,0
/assets/js/vendors/kindeditor/plugins/fixtoolbar/fixtoolbar.js,0
/assets/js/vendors/kindeditor/plugins/flash/flash.js,5
/assets/js/vendors/kindeditor/plugins/image/image.js,11
/assets/js/vendors/kindeditor/plugins/image/images/align_left.gif,0
/assets/js/vendors/kindeditor/plugins/image/images/align_right.gif,0
/assets/js/vendors/kindeditor/plugins/image/images/align_top.gif,0
/assets/js/vendors/kindeditor/plugins/image/images/refresh.png,0
/assets/js/vendors/kindeditor/plugins/insertfile/insertfile.js,4
/assets/js/vendors/kindeditor/plugins/lineheight/lineheight.js,1
/assets/js/vendors/kindeditor/plugins/link/link.js,2
/assets/js/vendors/kindeditor/plugins/map/map.html,1
/assets/js/vendors/kindeditor/plugins/map/map.js,4
/assets/js/vendors/kindeditor/plugins/media/media.js,5
/assets/js/vendors/kindeditor/plugins/multiimage/images/image.png,1
/assets/js/vendors/kindeditor/plugins/multiimage/images/select-files-en.png,0
/assets/js/vendors/kindeditor/plugins/multiimage/images/select-files-zh-CN.png,0
/assets/js/vendors/kindeditor/plugins/multiimage/images/swfupload.swf,12
/assets/js/vendors/kindeditor/plugins/multiimage/multiimage.js,51
/assets/js/vendors/kindeditor/plugins/pagebreak/pagebreak.js,0
/assets/js/vendors/kindeditor/plugins/plainpaste/plainpaste.js,1
/assets/js/vendors/kindeditor/plugins/preview/preview.js,1
/assets/js/vendors/kindeditor/plugins/quickformat/quickformat.js,2
/assets/js/vendors/kindeditor/plugins/table/table.js,23
/assets/js/vendors/kindeditor/plugins/template/html/1.html,0
/assets/js/vendors/kindeditor/plugins/template/html/2.html,0
/assets/js/vendors/kindeditor/plugins/template/html/3.html,0
/assets/js/vendors/kindeditor/plugins/template/template.js,2
/assets/js/vendors/kindeditor/plugins/wordpaste/wordpaste.js,1
/assets/js/vendors/kindeditor/themes/common/anchor.gif,0
/assets/js/vendors/kindeditor/themes/common/blank.gif,0
/assets/js/vendors/kindeditor/themes/common/flash.gif,1
/assets/js/vendors/kindeditor/themes/common/loading.gif,2
/assets/js/vendors/kindeditor/themes/common/media.gif,1
/assets/js/vendors/kindeditor/themes/common/rm.gif,0
/assets/js/vendors/kindeditor/themes/default/background.png,1
/assets/js/vendors/kindeditor/themes/default/default.css,21
/assets/js/vendors/kindeditor/themes/default/default.png,8
/assets/js/vendors/kindeditor/themes/qq/editor.gif,1
/assets/js/vendors/kindeditor/themes/qq/qq.css,3
/assets/js/vendors/kindeditor/themes/simple/simple.css,2
/assets/js/vendors/laydate/theme/default/font/iconfont.eot,2
/assets/js/vendors/laydate/theme/default/font/iconfont.svg,3
/assets/js/vendors/laydate/theme/default/font/iconfont.ttf,2
/assets/js/vendors/laydate/theme/default/font/iconfont.woff,1
/assets/js/vendors/laydate/theme/default/laydate.css,7
/assets/js/vendors/layer/extend/layer.ext.js,4
/assets/js/vendors/layer/skin/default/icon-ext.png,5
/assets/js/vendors/layer/skin/default/icon.png,12
/assets/js/vendors/layer/skin/default/loading-0.gif,5
/assets/js/vendors/layer/skin/default/loading-1.gif,0
/assets/js/vendors/layer/skin/default/loading-2.gif,1
/assets/js/vendors/layer/skin/layer.css,11
/assets/js/vendors/layer/skin/layer.ext.css,3
/assets/js/vendors/lazyload/jquery.lazyload.js,3
/assets/js/vendors/markdown/CodeMirror.js,256
/assets/js/vendors/markdown/editor.css,8
/assets/js/vendors/markdown/editor.js,15
/assets/js/vendors/markdown/index.html,1
/assets/js/vendors/markdown/marked.js,25
/assets/js/vendors/masonry/jquery.infinitescroll.js,20
/assets/js/vendors/masonry/masonry.pkgd.min.js,23
/assets/js/vendors/masonry/masonry_loading_1.gif,3
/assets/js/vendors/pace/pace.min.js,12
/assets/js/vendors/pace/themes/pace-theme-barber-shop.css,2
/assets/js/vendors/prettify/_darcula-from-highlight-js-by-james.css,3
/assets/js/vendors/prettify/desert.css,1
/assets/js/vendors/prettify/doxy.css,2
/assets/js/vendors/prettify/lang-css.js,1
/assets/js/vendors/prettify/lang-go.js,0
/assets/js/vendors/prettify/lang-scala.js,1
/assets/js/vendors/prettify/lang-sql.js,2
/assets/js/vendors/prettify/lang-swift.js,2
/assets/js/vendors/prettify/prettify-default.css,2
/assets/js/vendors/prettify/prettify.css,0
/assets/js/vendors/prettify/run_prettify.js,17
/assets/js/vendors/prettify/sons-of-obsidian-by-james.css,2
/assets/js/vendors/prettify/sons-of-obsidian.css,1
/assets/js/vendors/prettify/sunburst.css,1
/assets/js/vendors/searchableSelect/jquery.searchableSelect.css,2
/assets/js/vendors/searchableSelect/jquery.searchableSelect.js,9
/assets/js/vendors/slide/css/ajax-loader.gif,4
/assets/js/vendors/slide/css/fonts/slick.eot,2
/assets/js/vendors/slide/css/fonts/slick.svg,2
/assets/js/vendors/slide/css/fonts/slick.ttf,1
/assets/js/vendors/slide/css/fonts/slick.woff,1
/assets/js/vendors/slide/css/slick.css,3
/assets/js/vendors/slide/slick.js,47
/assets/js/vendors/slide/slick.min.js,23
/assets/js/vendors/smohan/images/face/1.gif,5
/assets/js/vendors/smohan/images/face/10.gif,1
/assets/js/vendors/smohan/images/face/11.gif,0
/assets/js/vendors/smohan/images/face/12.gif,7
/assets/js/vendors/smohan/images/face/13.gif,10
/assets/js/vendors/smohan/images/face/14.gif,3
/assets/js/vendors/smohan/images/face/15.gif,1
/assets/js/vendors/smohan/images/face/16.gif,2
/assets/js/vendors/smohan/images/face/17.gif,6
/assets/js/vendors/smohan/images/face/18.gif,3
/assets/js/vendors/smohan/images/face/19.gif,5
/assets/js/vendors/smohan/images/face/2.gif,13
/assets/js/vendors/smohan/images/face/20.gif,2
/assets/js/vendors/smohan/images/face/21.gif,2
/assets/js/vendors/smohan/images/face/22.gif,2
/assets/js/vendors/smohan/images/face/23.gif,2
/assets/js/vendors/smohan/images/face/24.gif,2
/assets/js/vendors/smohan/images/face/25.gif,2
/assets/js/vendors/smohan/images/face/26.gif,5
/assets/js/vendors/smohan/images/face/27.gif,3
/assets/js/vendors/smohan/images/face/28.gif,3
/assets/js/vendors/smohan/images/face/29.gif,5
/assets/js/vendors/smohan/images/face/3.gif,6
/assets/js/vendors/smohan/images/face/30.gif,4
/assets/js/vendors/smohan/images/face/31.gif,2
/assets/js/vendors/smohan/images/face/32.gif,3
/assets/js/vendors/smohan/images/face/33.gif,3
/assets/js/vendors/smohan/images/face/34.gif,4
/assets/js/vendors/smohan/images/face/35.gif,2
/assets/js/vendors/smohan/images/face/36.gif,4
/assets/js/vendors/smohan/images/face/37.gif,3
/assets/js/vendors/smohan/images/face/38.gif,7
/assets/js/vendors/smohan/images/face/39.gif,2
/assets/js/vendors/smohan/images/face/4.gif,11
/assets/js/vendors/smohan/images/face/40.gif,1
/assets/js/vendors/smohan/images/face/41.gif,6
/assets/js/vendors/smohan/images/face/42.gif,4
/assets/js/vendors/smohan/images/face/43.gif,2
/assets/js/vendors/smohan/images/face/44.gif,2
/assets/js/vendors/smohan/images/face/45.gif,5
/assets/js/vendors/smohan/images/face/46.gif,5
/assets/js/vendors/smohan/images/face/47.gif,3
/assets/js/vendors/smohan/images/face/48.gif,9
/assets/js/vendors/smohan/images/face/49.gif,3
/assets/js/vendors/smohan/images/face/5.gif,4
/assets/js/vendors/smohan/images/face/50.gif,4
/assets/js/vendors/smohan/images/face/51.gif,4
/assets/js/vendors/smohan/images/face/52.gif,3
/assets/js/vendors/smohan/images/face/53.gif,3
/assets/js/vendors/smohan/images/face/54.gif,2
/assets/js/vendors/smohan/images/face/55.gif,1
/assets/js/vendors/smohan/images/face/56.gif,0
/assets/js/vendors/smohan/images/face/57.gif,2
/assets/js/vendors/smohan/images/face/58.gif,1
/assets/js/vendors/smohan/images/face/59.gif,1
/assets/js/vendors/smohan/images/face/6.gif,8
/assets/js/vendors/smohan/images/face/60.gif,2
/assets/js/vendors/smohan/images/face/7.gif,17
/assets/js/vendors/smohan/images/face/8.gif,6
/assets/js/vendors/smohan/images/face/9.gif,2
/assets/js/vendors/smohan/images/facebg_1.png,4
/assets/js/vendors/smohan/images/whiteBg.png,2
/assets/js/vendors/smohan/smohan.face.css,3
/assets/js/vendors/smohan/smohan.face.js,3
/assets/js/vendors/switchery/readme-0.8.2.md,8
/assets/js/vendors/switchery/switchery.css,1
/assets/js/vendors/switchery/switchery.js,49
/assets/js/vendors/switchery/switchery.min.css,0
/assets/js/vendors/switchery/switchery.min.js,23
/assets/js/vendors/syntaxhighlighter/compass/_theme_template.scss,3
/assets/js/vendors/syntaxhighlighter/compass/config.rb,0
/assets/js/vendors/syntaxhighlighter/compass/shCore.scss,5
/assets/js/vendors/syntaxhighlighter/compass/shCoreDefault.scss,0
/assets/js/vendors/syntaxhighlighter/compass/shCoreDjango.scss,0
/assets/js/vendors/syntaxhighlighter/compass/shCoreEclipse.scss,0
/assets/js/vendors/syntaxhighlighter/compass/shCoreEmacs.scss,0
/assets/js/vendors/syntaxhighlighter/compass/shCoreFadeToGrey.scss,0
/assets/js/vendors/syntaxhighlighter/compass/shCoreMDUltra.scss,0
/assets/js/vendors/syntaxhighlighter/compass/shCoreMidnight.scss,0
/assets/js/vendors/syntaxhighlighter/compass/shCoreRDark.scss,0
/assets/js/vendors/syntaxhighlighter/compass/shThemeDefault.scss,0
/assets/js/vendors/syntaxhighlighter/compass/shThemeDjango.scss,1
/assets/js/vendors/syntaxhighlighter/compass/shThemeEclipse.scss,1
/assets/js/vendors/syntaxhighlighter/compass/shThemeEmacs.scss,0
/assets/js/vendors/syntaxhighlighter/compass/shThemeFadeToGrey.scss,1
/assets/js/vendors/syntaxhighlighter/compass/shThemeMDUltra.scss,0
/assets/js/vendors/syntaxhighlighter/compass/shThemeMidnight.scss,1
/assets/js/vendors/syntaxhighlighter/compass/shThemeRDark.scss,1
/assets/js/vendors/syntaxhighlighter/scripts/clipboard.swf,1
/assets/js/vendors/syntaxhighlighter/scripts/shAutoloader.js,1
/assets/js/vendors/syntaxhighlighter/scripts/shBrushAS3.js,2
/assets/js/vendors/syntaxhighlighter/scripts/shBrushAppleScript.js,8
/assets/js/vendors/syntaxhighlighter/scripts/shBrushBash.js,2
/assets/js/vendors/syntaxhighlighter/scripts/shBrushCSharp.js,2
/assets/js/vendors/syntaxhighlighter/scripts/shBrushColdFusion.js,8
/assets/js/vendors/syntaxhighlighter/scripts/shBrushCpp.js,5
/assets/js/vendors/syntaxhighlighter/scripts/shBrushCss.js,5
/assets/js/vendors/syntaxhighlighter/scripts/shBrushDelphi.js,2
/assets/js/vendors/syntaxhighlighter/scripts/shBrushDiff.js,1
/assets/js/vendors/syntaxhighlighter/scripts/shBrushErlang.js,1
/assets/js/vendors/syntaxhighlighter/scripts/shBrushGroovy.js,3
/assets/js/vendors/syntaxhighlighter/scripts/shBrushJScript.js,1
/assets/js/vendors/syntaxhighlighter/scripts/shBrushJava.js,2
/assets/js/vendors/syntaxhighlighter/scripts/shBrushJavaFX.js,2
/assets/js/vendors/syntaxhighlighter/scripts/shBrushPerl.js,3
/assets/js/vendors/syntaxhighlighter/scripts/shBrushPhp.js,5
/assets/js/vendors/syntaxhighlighter/scripts/shBrushPlain.js,0
/assets/js/vendors/syntaxhighlighter/scripts/shBrushPowerShell.js,3
/assets/js/vendors/syntaxhighlighter/scripts/shBrushPython.js,2
/assets/js/vendors/syntaxhighlighter/scripts/shBrushRuby.js,2
/assets/js/vendors/syntaxhighlighter/scripts/shBrushSass.js,5
/assets/js/vendors/syntaxhighlighter/scripts/shBrushScala.js,1
/assets/js/vendors/syntaxhighlighter/scripts/shBrushSql.js,3
/assets/js/vendors/syntaxhighlighter/scripts/shBrushVb.js,2
/assets/js/vendors/syntaxhighlighter/scripts/shBrushXml.js,2
/assets/js/vendors/syntaxhighlighter/scripts/shCore.js,15
/assets/js/vendors/syntaxhighlighter/scripts/shLegacy.js,1
/assets/js/vendors/syntaxhighlighter/src/shAutoloader.js,2
/assets/js/vendors/syntaxhighlighter/src/shCore.js,44
/assets/js/vendors/syntaxhighlighter/src/shLegacy.js,3
/assets/js/vendors/syntaxhighlighter/styles/shCore.css,6
/assets/js/vendors/syntaxhighlighter/styles/shCoreDefault.css,8
/assets/js/vendors/syntaxhighlighter/styles/shCoreDjango.css,8
/assets/js/vendors/syntaxhighlighter/styles/shCoreEclipse.css,9
/assets/js/vendors/syntaxhighlighter/styles/shCoreEmacs.css,8
/assets/js/vendors/syntaxhighlighter/styles/shCoreFadeToGrey.css,8
/assets/js/vendors/syntaxhighlighter/styles/shCoreMDUltra.css,8
/assets/js/vendors/syntaxhighlighter/styles/shCoreMidnight.css,8
/assets/js/vendors/syntaxhighlighter/styles/shCoreRDark.css,8
/assets/js/vendors/syntaxhighlighter/styles/shThemeDefault.css,2
/assets/js/vendors/syntaxhighlighter/styles/shThemeDjango.css,3
/assets/js/vendors/syntaxhighlighter/styles/shThemeEclipse.css,3
/assets/js/vendors/syntaxhighlighter/styles/shThemeEmacs.css,2
/assets/js/vendors/syntaxhighlighter/styles/shThemeFadeToGrey.css,2
/assets/js/vendors/syntaxhighlighter/styles/shThemeMDUltra.css,2
/assets/js/vendors/syntaxhighlighter/styles/shThemeMidnight.css,2
/assets/js/vendors/syntaxhighlighter/styles/shThemeRDark.css,2
/assets/js/vendors/think-mk/emoji/Sysmbols.css,980
/assets/js/vendors/think-mk/emoji/nature.css,947
/assets/js/vendors/think-mk/emoji/object.css,1899
/assets/js/vendors/think-mk/emoji/people.css,1428
/assets/js/vendors/think-mk/emoji/place.css,772
/assets/js/vendors/think-mk/emoji/twemoji.css,1857
/assets/js/vendors/think-mk/fonts/fontawesome-webfont.eot,59
/assets/js/vendors/think-mk/fonts/fontawesome-webfont.svg,306
/assets/js/vendors/think-mk/fonts/fontawesome-webfont.ttf,119
/assets/js/vendors/think-mk/fonts/fontawesome-webfont.woff,69
/assets/js/vendors/think-mk/fonts/fontawesome-webfont.woff2,55
/assets/js/vendors/think-mk/fonts/gly-halflings-regular.eot,19
/assets/js/vendors/think-mk/fonts/gly-halflings-regular.svg,106
/assets/js/vendors/think-mk/fonts/gly-halflings-regular.ttf,44
/assets/js/vendors/think-mk/fonts/gly-halflings-regular.woff,22
/assets/js/vendors/think-mk/fonts/gly-halflings-regular.woff2,17
/assets/js/vendors/think-mk/javascripts/jquery-2.1.3.js,250
/assets/js/vendors/think-mk/javascripts/jquery-2.1.3.min.js,82
/assets/js/vendors/think-mk/javascripts/jquery-2.1.3.min.map,124
/assets/js/vendors/think-mk/javascripts/thinker-md.user.js,0
/assets/js/vendors/think-mk/javascripts/thinker-md.user.min.js,0
/assets/js/vendors/think-mk/javascripts/thinker-md.user.min.map,0
/assets/js/vendors/think-mk/javascripts/thinker-md.vendor.js,2531
/assets/js/vendors/think-mk/javascripts/thinker-md.vendor.min.js,820
/assets/js/vendors/think-mk/javascripts/thinker-md.vendor.min.map,248
/assets/js/vendors/think-mk/stylesheets/thinker-md.user.css,0
/assets/js/vendors/think-mk/stylesheets/thinker-md.vendor.css,62
/assets/js/vendors/uploadPreview/demo.html,0
/assets/js/vendors/uploadPreview/uploadPreview.js,5
/assets/js/vendors/uploadPreview/uploadPreview.min.js,2
/assets/js/vendors/uploader/dmuploader.js,7
/assets/js/vendors/uploader/dmuploader.min.js,4
/assets/js/vendors/uploader/uploader.css,1
/assets/js/vendors/uploadifive/jquery.uploadifive.js,44
/assets/js/vendors/uploadifive/uploadifive-cancel.png,1
/assets/js/vendors/uploadifive/uploadifive.css,0
/assets/js/vendors/validate/jquery-validate.js,3
/assets/js/vendors/wangEditor/fonts/w-e-icon.woff,6
/assets/js/vendors/wangEditor/newWangEditor.min.js,81
/assets/js/vendors/wangEditor/wangEditor.css,17
/assets/js/vendors/wangEditor/wangEditor.js,161
/assets/js/vendors/wangEditor/wangEditor.min.css,15
/assets/js/vendors/wangEditor/wangEditor.min.js,64
/assets/js/vendors/wangEditor/wangEditor.min.js.map,215
/assets/js/vendors/waterfall/handlebars.js,73
/assets/js/vendors/waterfall/waterfall.min.js,45
/assets/js/vendors/websocket/sockjs.min.js,59
/assets/js/vendors/websocket/stomp.min.js,7
/assets/js/vendors/websocket/wenkusoso.crx,43
/assets/js/vendors/webuploader/bg.png,2
/assets/js/vendors/webuploader/expressInstall.swf,0
/assets/js/vendors/webuploader/icons.png,2
/assets/js/vendors/webuploader/icons.psd,37
/assets/js/vendors/webuploader/image.png,1
/assets/js/vendors/webuploader/progress.png,1
/assets/js/vendors/webuploader/progress.psd,25
/assets/js/vendors/webuploader/style.css,9
/assets/js/vendors/webuploader/success.png,1
/assets/js/vendors/webuploader/webuploader.css,8
/assets/js/vendors/webuploader/webuploader.min.js,69
/assets/js/vendors/ztree/css/BootstrapStyle/bootstrapztree.css,6
/assets/js/vendors/ztree/css/BootstrapStyle/img/bootstrap.png,3
/assets/js/vendors/ztree/css/BootstrapStyle/img/line_conn.png,0
/assets/js/vendors/ztree/css/BootstrapStyle/img/loading.gif,0
/assets/js/vendors/ztree/css/awesomeStyle/awesome.css,8
/assets/js/vendors/ztree/css/awesomeStyle/awesome.less,8
/assets/js/vendors/ztree/css/awesomeStyle/fa.less,11
/assets/js/vendors/ztree/css/awesomeStyle/img/loading.gif,0
/assets/js/vendors/ztree/css/metroStyle/img/line_conn.png,0
/assets/js/vendors/ztree/css/metroStyle/img/loading.gif,0
/assets/js/vendors/ztree/css/metroStyle/img/metro.gif,4
/assets/js/vendors/ztree/css/metroStyle/img/metro.png,5
/assets/js/vendors/ztree/css/metroStyle/metroStyle.css,6
/assets/js/vendors/ztree/css/zTreeStyle/img/diy/1_close.png,0
/assets/js/vendors/ztree/css/zTreeStyle/img/diy/1_open.png,0
/assets/js/vendors/ztree/css/zTreeStyle/img/diy/2.png,0
/assets/js/vendors/ztree/css/zTreeStyle/img/diy/3.png,0
/assets/js/vendors/ztree/css/zTreeStyle/img/diy/4.png,0
/assets/js/vendors/ztree/css/zTreeStyle/img/diy/5.png,0
/assets/js/vendors/ztree/css/zTreeStyle/img/diy/6.png,0
/assets/js/vendors/ztree/css/zTreeStyle/img/diy/7.png,0
/assets/js/vendors/ztree/css/zTreeStyle/img/diy/8.png,0
/assets/js/vendors/ztree/css/zTreeStyle/img/diy/9.png,0
/assets/js/vendors/ztree/css/zTreeStyle/img/line_conn.gif,0
/assets/js/vendors/ztree/css/zTreeStyle/img/loading.gif,0
/assets/js/vendors/ztree/css/zTreeStyle/img/zTreeStandard.gif,5
/assets/js/vendors/ztree/css/zTreeStyle/img/zTreeStandard.png,10
/assets/js/vendors/ztree/css/zTreeStyle/zTreeStyle.css,6
/assets/js/vendors/ztree/jquery.ztree.all.js,149
/assets/js/vendors/ztree/jquery.ztree.all.min.js,62
/assets/js/vendors/ztree/jquery.ztree.core-3.5.min.js,28
/assets/js/vendors/ztree/jquery.ztree.core.js,73
/assets/js/vendors/ztree/jquery.ztree.core.min.js,31
/assets/js/vendors/ztree/jquery.ztree.excheck-3.5.min.js,10
/assets/js/vendors/ztree/jquery.ztree.excheck.js,25
/assets/js/vendors/ztree/jquery.ztree.excheck.min.js,10
/assets/js/vendors/ztree/jquery.ztree.exedit.js,50
/assets/js/vendors/ztree/jquery.ztree.exedit.min.js,20
/assets/js/vendors/ztree/jquery.ztree.exhide.js,12
/assets/js/vendors/ztree/jquery.ztree.exhide.min.js,5
/assets/skin/pc_theme/defalut/css/article.css,3
/assets/skin/pc_theme/defalut/css/editor.css,0
/assets/skin/pc_theme/defalut/css/question.css,5
/assets/skin/pc_theme/defalut/css/share.css,1
/assets/skin/pc_theme/defalut/css/topics.css,1
/assets/skin/pc_theme/defalut/images/ad/1.jpg,199
/assets/skin/pc_theme/defalut/images/ad/2.jpg,74
/assets/skin/pc_theme/defalut/images/ad/3.jpg,51
/assets/skin/pc_theme/defalut/images/avatar/128x128.jpg,1
/assets/skin/pc_theme/defalut/images/avatar/default.jpg,1
/assets/skin/pc_theme/defalut/images/login_bj.jpg,177
/assets/skin/pc_theme/defalut/images/logo.svg,0
/assets/skin/pc_theme/defalut/images/logo/avatar_logo.jpg,7
/assets/skin/pc_theme/defalut/js/modules/answer-editor.js,3
/assets/skin/pc_theme/defalut/js/modules/editor.js,7
/assets/skin/pc_theme/defalut/js/modules/post.js,1
/assets/skin/pc_theme/defalut/js/modules/topic.js,1
/assets/skin/pc_theme/wpdemo/css/extra.css,0
/assets/skin/pc_theme/wpdemo/css/style.css,0
/assets/skin/pc_theme/wpdemo/js/main.js,0
/favicon.ico,1
/skin/pc_theme/defalut/images/cover-downloads.svg,0
/skin/pc_theme/defalut/images/cover-news.svg,0
/skin/pc_theme/defalut/images/cover-testdemo.svg,0
/skin/pc_theme/defalut/screenshot.png,156
